deployment_number,FID_camera_trap_locations_all_years_MultipleRingBuffer,FREQUENCY,SUM_Road_length
,1728,5,492.297382484317950
,1730,18,
,1731,1,200.960209883328218
,1738,37,
,1742,16,
,1744,20,
,1747,27,
,1753,6,
,1760,2,279.899063265354357
,1761,15,
,1763,7,
,1764,3,270.899775258742466
,1767,46,
,1768,18,
,1779,12,
,1780,58,
,1787,37,
,1790,8,
,1797,1,
,1804,42,
,1805,8,
,1814,13,
,1815,18,
,1817,4,
,1818,1,432.833124564697130
,1828,4,380.895876712581810
,1830,2,419.674955391234960
,1832,11,
,1834,4,392.150837402767934
,1836,3,305.920552788200894
,1837,8,1064.033320832745630
,1841,1,13.651308151396996
,1842,2,508.207685373031893
,1848,6,465.288123224773699
,1849,33,
,1851,8,
,1852,1,217.813219693026724
,1853,2,574.605414205388570
,1854,1,384.941822169754118
,1856,8,831.734075183467894
,1858,4,450.598087348600131
,1859,2,341.794228855229790
,1861,4,557.937996188445595
,1862,3,539.866770993706268
,1863,4,768.702667305195746
,1864,1,567.379068245959161
,1865,6,463.399655506516353
,1866,4,251.822523904686079
,1868,2,497.941267340757690
,1873,13,916.127538809143289
,1874,1,416.276830878284557
,1875,28,
,1876,28,
,1881,36,
,1902,42,
,1903,42,
,1910,35,
,1911,34,
,1913,52,
,1914,52,
,1915,29,
,1916,29,
,1917,18,
,1918,18,
,1919,24,
,1920,24,
,1921,11,
,1922,11,
,1926,29,
,1927,29,
,1928,15,
,1929,7,
,1930,15,
,1941,52,
,2001,34,
,2002,20,
,2003,20,
,2004,20,
,1943,3,96.738927371678258
,1944,3,96.738927371678258
,2006,6,
,2007,6,
,2008,6,
,1948,9,504.522610790664999
,1949,9,504.522610790664999
,2009,34,
,2010,34,
,2011,34,
,1950,33,
,1951,33,
,1952,52,
,1953,20,
,1955,42,
,1956,42,
,1958,9,
,1968,17,
,1969,17,
,2035,7,
,2036,7,
,2037,7,
,2038,7,
,1970,33,
,1975,23,
,1977,34,
,1979,42,
,1980,33,
,1987,52,
,1992,25,
,1993,25,
,1994,25,
,2047,34,
,2049,23,
,2050,12,
,2051,12,569.016062124501786
,2052,26,
,2054,7,
,2057,7,
,2059,42,
,2060,3,508.987649515637258
,2061,9,734.680616505504645
,2063,52,
,2064,33,
,2065,2,480.781519768138821
,2066,4,360.947586177580376
,2069,7,
,1383,7,553.563490431330592
,1385,20,
,1386,3,321.975600223901552
,1393,45,
,1397,18,
,1399,27,
,1402,35,
,1408,9,
,1415,4,384.424280462971296
,1416,22,
,1418,11,
,1419,5,370.476134460707783
,1422,57,
,1423,22,
,1424,5,232.593658174748043
,1434,25,
,1435,69,
,1442,45,
,1445,12,
,1452,10,
,1459,46,
,1460,9,
,1465,4,
,1469,17,
,1470,21,
,1472,5,
,1473,3,499.968980780901120
,1483,7,435.404981761704107
,1485,6,480.760520648894442
,1487,15,
,1489,7,528.858057161968077
,1491,5,402.271793426004479
,1492,12,1146.709733481324065
,1496,2,47.103447649885752
,1497,4,570.070831125932045
,1503,8,521.080213874460128
,1504,37,
,1506,11,
,1507,2,351.523078770909933
,1508,5,630.118628727030000
,1509,3,479.214776890732367
,1511,14,1003.012971095900411
,1513,6,514.257447555196222
,1514,4,425.268168073163793
,1516,11,879.049534770405216
,1517,6,596.272941389440348
,1518,7,896.571746493990531
,1519,4,688.857234217262317
,1520,9,521.660551212205519
,1521,7,345.361822467149807
,1522,2,213.851243881680830
,1523,4,557.237950142146474
,1528,17,1006.381343257372919
,1529,2,493.881774453004539
,1530,37,
,1531,37,
,1536,45,
,1552,1,
,1553,1,
,1557,54,
,1558,54,
,1565,47,
,1566,45,
,1568,59,
,1569,59,
,1570,33,
,1571,33,
,1572,22,
,1573,22,
,1574,38,
,1575,38,
,1576,14,
,1577,14,
,1581,37,
,1582,37,
,1583,17,
,1584,13,
,1585,17,
,1590,3,
,1591,3,
,1596,59,
,1656,41,
,1657,36,
,1658,36,
,1659,36,
,1598,4,138.091413567776186
,1599,4,138.091413567776186
,1660,1,165.917040239310353
,1661,21,
,1662,21,
,1663,21,
,1603,14,647.442229317435704
,1604,14,647.442229317435704
,1664,41,
,1665,41,
,1666,41,
,1605,43,
,1606,43,
,1607,59,
,1608,32,
,1610,52,
,1611,52,
,1613,15,
,1623,33,
,1624,33,
,1690,21,
,1691,21,
,1692,21,
,1693,21,
,1625,45,
,1630,34,
,1632,46,
,1634,52,
,1635,43,
,1642,59,
,1647,39,
,1648,39,
,1649,39,
,1702,46,
,1704,34,
,1705,20,
,1706,17,733.806504197923005
,1707,40,
,1709,25,
,1712,25,
,1714,52,
,1715,6,602.746278814162338
,1716,12,819.086067082269096
,1718,59,
,1719,43,
,1720,5,543.318949063544210
,1721,6,431.650570449477755
,1724,25,
,1038,23,1523.269117055110655
,1040,33,
,1041,9,738.015888895647777
,1045,52,
,1048,67,
,1052,37,
,1053,25,
,1054,72,
,1055,10,
,1057,45,
,1063,16,
,1064,2,142.409225318365515
,1069,6,610.836523290000969
,1070,7,781.258163724056431
,1071,47,
,1072,33,
,1073,35,
,1074,8,764.595482091652002
,1077,133,
,1078,46,
,1079,9,710.214235264334093
,1080,26,
,1085,28,
,1087,29,
,1089,59,
,1090,95,
,1093,18,
,1095,39,
,1096,23,
,1097,67,
,1100,24,
,1101,4,192.513687724537107
,1107,23,
,1112,21,
,1113,1,
,1114,84,
,1115,13,
,1119,15,
,1120,18,
,1123,6,830.501916166178034
,1124,57,
,1125,33,
,1126,5,329.979434747130654
,1127,11,
,1128,13,1000.730151367959252
,1138,9,740.440122827287496
,1140,8,815.160427428974799
,1141,2,583.690032873831342
,1142,20,
,1144,11,1108.495250383986786
,1146,10,774.148310468214277
,1147,18,1592.658576706473013
,1150,4,463.778973566232708
,1151,5,254.963994044119886
,1152,6,907.646639630290679
,1157,47,
,1158,15,1261.206766326110937
,1159,54,
,1160,2,
,1161,24,
,1162,5,782.556088694521691
,1163,11,925.081753925966609
,1164,6,861.988963398735905
,1165,11,604.969340589906324
,1166,23,1679.067571279808590
,1168,10,1162.242445642340726
,1169,7,791.013133804681615
,1171,24,1873.688179924123915
,1172,10,906.206862579460676
,1173,17,2031.906448896625079
,1174,9,1274.766909475796410
,1175,15,861.261225825983161
,1176,12,749.747909145752260
,1177,7,1184.843513211917980
,1178,6,865.763162723202413
,1182,4,451.104304097144848
,1183,24,1463.841424596539809
,1184,4,873.058626326899230
,1185,58,
,1186,58,
,1188,21,
,1191,88,
,1199,6,320.123757949947901
,1200,8,
,1201,8,
,1206,5,326.616153622028719
,1207,16,
,1208,16,
,1211,1,189.413283127338190
,1212,105,
,1213,105,
,1220,72,
,1221,73,
,1222,5,326.616153622028719
,1223,128,
,1224,128,
,1225,46,
,1226,46,
,1227,32,
,1228,32,
,1229,80,
,1230,80,
,1231,21,
,1232,21,
,1233,41,
,1234,44,
,1235,2,202.370915914946266
,1236,72,
,1237,72,
,1238,27,
,1239,30,
,1240,27,
,1241,5,326.616153622028719
,1242,4,314.394445422594060
,1245,21,
,1246,21,
,1249,12,
,1250,12,
,1251,124,
,1311,75,
,1312,57,
,1313,57,
,1314,57,
,1253,20,1463.852451523975560
,1254,20,1463.852451523975560
,1315,5,609.888125469666875
,1316,85,
,1317,85,
,1318,85,
,1258,32,1471.661534669393859
,1259,32,1471.661534669393859
,1319,75,
,1320,75,
,1321,75,
,1260,86,
,1261,86,
,1262,124,
,1263,69,
,1264,18,
,1265,106,
,1266,106,
,1268,32,
,1273,5,
,1274,5,
,1278,66,
,1344,28,
,1279,66,
,1345,68,
,1346,68,
,1347,68,
,1348,68,
,1280,72,
,1349,28,
,1350,28,
,1281,47,
,1351,39,
,1285,71,
,1286,41,
,1287,72,
,1289,107,
,1290,84,
,1296,5,
,1297,126,
,1302,84,
,1303,84,
,1304,84,
,1352,28,
,1357,72,
,1358,41,
,1359,71,
,1360,84,
,1361,32,1794.021000112455113
,1362,87,
,1364,55,
,1365,44,
,1367,55,
,1368,44,
,1369,108,
,1370,16,1077.080226182697970
,1371,19,1267.788278711318526
,1373,126,
,1374,84,
,1375,10,859.118284594855822
,1376,10,765.438927372243938
,1379,55,
,1380,44,
,693,34,2709.787581091923585
,694,41,
,695,51,
,696,15,1269.586493408893375
,699,24,
,700,140,
,702,7,
,703,110,
,706,2,175.902407176995439
,707,49,
,708,55,
,709,157,
,710,58,
,712,75,
,713,38,
,714,4,931.736508196107252
,718,39,
,719,4,701.674980561494976
,721,4,1130.059012053462084
,722,18,210.730135374148546
,724,24,1426.389943550482712
,725,12,1309.524184038175918
,726,70,
,727,71,
,728,57,
,729,13,1291.500379419287356
,731,24,
,732,180,
,733,97,
,734,16,1988.336484083322375
,735,35,
,739,7,746.509348898303870
,740,78,
,741,13,1288.748895407002692
,742,67,
,744,90,
,745,164,
,746,9,1176.372049494577823
,748,80,
,750,56,
,751,65,7.638953165490176
,752,110,
,755,73,20.010878277954809
,756,14,1048.014198792418938
,760,1,77.279088014757789
,762,51,
,763,19,
,767,47,
,768,32,
,769,163,
,770,34,
,771,1,93.662070072754886
,774,45,
,775,66,
,776,33,
,777,31,
,778,13,1636.983701225796040
,779,85,
,780,60,
,781,26,1601.036790349542116
,782,25,
,783,25,2385.368842623488490
,787,39,
,790,22,
,792,2,828.341693235896400
,793,20,2719.886041497585211
,795,11,1381.341477636391573
,796,11,1617.313152243232025
,797,43,
,798,21,
,799,20,1881.442008276604156
,800,83,
,801,15,1277.134013034435839
,802,33,3214.470977683038655
,803,15,1397.472865852405903
,804,14,1686.430294801994478
,805,10,1183.881182000967783
,806,8,1113.702901729048335
,807,11,1812.363271249295849
,809,3,412.798547744947541
,810,22,
,811,40,
,812,103,
,813,33,3803.457912661422597
,814,74,
,815,39,
,816,53,
,817,11,1466.700191665355305
,818,14,1422.607708481860072
,819,10,1466.364633600929665
,820,27,1961.119952043145531
,821,36,2817.566259573055959
,823,16,1689.102907472639799
,824,11,1309.828772524164151
,826,40,3325.843435482699533
,827,14,1391.691231337716999
,828,27,3621.271408945606254
,829,14,2981.792144039200139
,830,29,1917.356599284363710
,831,26,1797.005953382273219
,832,12,2036.061336374398934
,833,10,1356.508268671857422
,834,4,376.314526430680758
,835,6,1164.561490986714034
,837,9,1587.541629593384869
,838,33,2354.668072088834833
,839,10,1888.710616446494669
,840,96,
,841,96,
,842,129,
,843,44,
,844,55,
,845,55,
,846,174,
,847,39,
,848,20,
,849,39,
,850,20,
,851,24,
,852,5,535.228935546954631
,853,31,
,854,18,1668.132832086908593
,855,16,10.001208536244439
,856,16,10.001208536244439
,857,81,
,858,72,
,859,18,
,860,18,
,861,21,1717.746320096051704
,862,42,
,863,42,
,864,13,
,865,13,
,866,13,1611.513259035534702
,867,179,
,868,179,
,871,46,
,872,46,
,873,2,260.080302273570567
,875,116,
,876,116,
,877,21,1717.746320096051704
,878,185,
,879,185,
,880,72,
,881,72,
,882,60,
,883,60,
,884,143,
,885,143,
,886,41,
,887,41,
,888,105,
,889,106,
,890,16,1625.757071272622170
,891,112,
,892,112,
,893,49,
,894,52,
,895,49,
,896,21,1717.746320096051704
,897,17,1657.772666669653290
,898,126,
,900,68,
,901,68,
,904,71,
,905,71,
,906,184,
,966,147,
,907,3,
,967,94,
,968,94,
,969,94,
,908,51,3242.065226293663272
,909,51,3242.065226293663272
,970,9,1170.502429527178492
,910,15,
,911,15,
,971,146,
,972,146,
,973,146,
,912,41,
,913,52,3361.634867908436263
,914,52,3361.634867908436263
,974,147,
,975,147,
,976,147,
,915,169,
,916,169,
,917,184,
,1009,19,
,918,110,
,919,44,
,983,42,
,920,180,
,984,42,
,985,42,
,921,180,
,922,23,
,923,52,
,986,19,
,987,19,
,988,19,
,1010,28,
,924,13,
,925,13,
,926,128,
,927,128,
,992,60,
,993,60,
,994,60,
,928,16,
,995,60,
,929,16,
,996,71,
,997,71,
,930,80,
,998,71,
,931,80,
,933,141,
,999,88,
,934,141,
,1000,136,
,1001,136,
,1002,136,
,1003,136,
,935,116,
,1004,88,
,1005,88,
,936,106,
,1006,84,
,939,13,0.288664057934493
,940,112,
,941,103,
,942,116,
,943,15,
,944,181,
,945,172,
,946,23,
,949,32,
,950,32,
,951,16,
,952,185,
,956,3,
,957,145,
,958,145,
,959,145,
,960,77,
,961,77,
,962,77,
,963,122,
,964,122,
,965,122,
,1007,88,
,1012,116,
,1013,103,
,1014,112,
,1015,137,
,1016,55,3512.866491586090888
,1017,146,
,1018,71,
,1019,124,
,1020,90,
,1022,124,
,1023,90,
,1024,182,
,1025,23,1817.097485952844181
,1026,24,1982.975753133931903
,1027,13,0.288664057934493
,1028,185,
,1029,172,
,1030,14,1395.972454422763803
,1031,18,1309.139496760627480
,1032,6,
,1034,124,
,1035,90,
,347,30,498.743334563746487
,348,63,5795.861475522319779
,349,208,
,350,84,
,351,51,5134.053213310271531
,352,64,
,353,8,807.340690564854185
,354,137,
,355,314,
,356,9,707.827184179483993
,357,156,2478.192554833525719
,358,195,
,359,46,5117.894198248655812
,361,11,1004.219640643425691
,362,79,1307.655490458494342
,363,117,
,364,264,
,365,194,
,366,1,88.348352572000366
,367,165,765.695330541506451
,368,145,1347.555715798996744
,369,60,7068.469181342985394
,370,128,
,371,114,
,373,94,207.228752957789936
,374,18,2555.781803752593987
,375,34,1082.619005550929614
,376,28,5490.899602126730315
,377,154,1739.539925048740770
,378,3,257.148306636746270
,379,69,6375.488604637428580
,380,42,4411.364538394412193
,381,181,
,382,188,
,383,142,87.741324912977660
,384,37,4484.625127136338051
,385,142,
,386,181,629.740630573620706
,387,279,
,388,227,
,389,58,5845.386364581981070
,390,76,274.251040638433494
,391,65,327.937794511194795
,392,97,
,393,9,880.891724773347278
,394,12,1553.685689601954891
,395,166,
,396,43,4999.231042169160901
,397,130,
,398,46,159.729368378645773
,399,168,450.885052089936721
,400,311,
,401,32,4454.238699028501287
,402,4,301.240784495027356
,403,201,279.700986244117416
,404,13,2168.894771099719037
,405,163,
,406,164,2002.220788144732069
,407,195,
,408,181,
,409,32,4141.359437864027313
,410,140,1424.451967929206603
,411,41,4107.431806385714481
,413,25,1686.731161029645136
,415,10,828.732233792154830
,416,7,611.761369682802524
,417,74,398.913626304776983
,418,64,3168.528863066576378
,419,166,
,420,89,
,421,11,1770.759337840884200
,422,85,1282.779655383067620
,423,284,
,424,289,
,425,77,
,426,40,5769.646733217081419
,427,153,
,428,4,258.969761663536133
,429,105,745.852632587105859
,430,145,619.761662725437759
,431,152,1635.142669019154027
,432,195,588.630309836360993
,433,47,5403.129872114029240
,434,159,788.870535480475382
,435,135,
,436,68,6584.068259795686572
,437,258,
,438,40,4624.001707419104605
,439,13,1141.826157313803606
,440,42,5370.026693750864979
,441,302,
,442,80,
,443,65,
,444,66,
,445,74,
,446,67,
,447,13,3213.866304444853540
,448,48,10506.456687806088667
,449,14,2017.463355126162924
,450,21,4057.044906527223702
,451,45,8854.366824529528458
,452,186,
,453,93,
,454,40,5032.761890767142177
,455,196,
,456,48,6088.422879596331768
,457,77,9807.017810385748817
,458,42,5236.064364158077296
,459,42,6191.242870737151861
,460,39,5498.513907517521147
,461,31,8104.849805095655029
,462,28,6142.794953296562198
,463,12,
,464,45,6565.103048184623731
,465,159,
,466,144,
,467,218,
,468,67,8839.975818787326716
,469,183,
,470,203,
,471,95,846.238360205473896
,472,33,4977.157481033176737
,473,23,3874.104318615500688
,474,22,4363.363321057267058
,475,73,9189.939679542982049
,476,74,9756.977842615644477
,477,8,1507.293695581224711
,478,25,3574.115210860754360
,479,28,4948.104079546168578
,480,31,4724.945342924407669
,481,82,7321.562050694249592
,482,47,3923.219776734849347
,483,44,7676.082738767840965
,484,41,9043.817310113085114
,485,74,5505.136573735092497
,486,73,6315.393049512074867
,487,33,5468.029259164950417
,488,56,6367.563484241843980
,489,24,3651.389872444651701
,490,17,2687.788505189600073
,491,59,
,492,27,5802.869097528882776
,493,68,5579.876670709213613
,494,30,5395.228632766458759
,495,167,331.847925580092806
,496,167,331.847925580092806
,497,242,
,498,81,826.208438496308872
,499,240,
,500,240,
,501,276,
,502,75,224.243520960248446
,503,188,
,504,75,224.243520960248446
,505,188,
,506,77,
,507,50,3754.462190092496257
,508,80,
,509,62,9215.984900252497027
,510,35,1109.240206150551785
,511,35,1109.240206150551785
,512,258,
,513,262,
,514,37,1037.156619301611954
,515,37,1037.156619301611954
,516,56,8972.500583062605074
,517,106,459.329917005053403
,518,106,459.329917005053403
,519,36,1112.246442403716628
,520,36,1112.246442403716628
,521,76,9337.478039832789364
,522,280,
,523,280,
,524,150,
,525,144,
,526,117,
,527,117,
,528,47,3668.247215366395267
,529,65,
,530,206,
,531,208,
,532,56,8972.500583062605074
,533,279,
,534,279,
,535,149,
,536,149,
,537,134,
,538,134,
,539,258,
,540,258,
,541,126,1950.659057690460941
,542,126,1950.659057690460941
,543,210,
,544,212,
,545,72,9295.989505168858159
,546,194,
,547,196,
,548,84,
,549,80,687.613595743095743
,550,84,
,551,56,8972.500583062605074
,552,65,9256.379045401776239
,553,237,
,554,54,
,555,136,1491.923677550437333
,556,136,1491.923677550437333
,557,162,
,558,162,
,559,237,
,560,237,
,561,274,
,621,263,
,562,144,
,622,269,
,623,269,
,663,72,
,624,269,
,563,75,7190.860685658092734
,564,75,7190.860685658092734
,625,60,5188.896718280185269
,565,34,1031.232300422690741
,566,34,1031.232300422690741
,626,250,
,627,250,
,628,250,
,567,77,228.162072877614492
,568,71,6671.880562190347518
,569,71,6671.880562190347518
,629,263,
,630,263,
,631,263,
,570,276,
,571,276,
,572,274,
,632,269,
,633,269,
,664,75,
,634,269,
,573,197,
,635,277,
,636,277,
,637,277,
,574,81,917.727431057240892
,638,278,
,575,281,
,639,278,
,640,278,
,576,281,
,577,145,
,578,78,678.410261876328150
,641,237,
,642,237,
,643,237,
,665,78,
,644,281,
,645,281,
,646,281,
,666,52,
,579,36,1109.118045484345657
,580,36,1109.118045484345657
,581,237,
,582,237,
,647,275,
,648,275,
,649,275,
,583,35,1107.252274991845525
,650,275,
,584,35,1107.252274991845525
,651,259,
,652,259,
,585,258,
,653,259,
,586,258,
,587,153,
,588,258,
,654,262,
,589,258,
,655,253,
,656,253,
,657,253,
,658,253,
,590,207,
,659,262,
,660,262,
,591,215,
,661,267,
,592,39,
,593,39,
,594,36,1108.811506149137813
,595,196,
,596,215,
,597,205,
,598,34,1030.671729713394598
,599,283,
,600,276,
,601,145,
,602,34,
,603,34,
,604,78,
,605,78,
,606,35,1107.277696352081193
,607,277,
,608,72,
,609,72,
,610,153,
,611,144,
,612,261,
,613,261,
,614,261,
,615,263,
,616,263,
,617,263,
,618,241,
,619,241,
,620,241,
,662,262,
,667,205,
,668,215,
,669,196,
,670,263,
,671,72,6578.798627248873345
,672,264,
,673,260,
,674,249,
,675,264,
,676,272,
,677,249,
,678,264,
,679,284,
,680,80,11598.720517633666532
,681,79,11561.814792694629432
,682,36,1108.811506149137813
,683,277,
,684,276,
,685,43,3761.296750211260587
,686,66,6060.676946105290881
,687,83,
,688,272,
,689,249,
,690,264,
,1,228,21451.857410572705703
,2,244,23642.120064879898564
,3,254,36722.971813398937229
,4,624,4937.449472547446931
,5,828,2508.312065239580988
,6,277,42206.356858057552017
,7,218,20794.640989955641999
,8,177,30468.120325226387649
,9,599,7856.882980381000380
,10,821,10245.847073282358906
,11,127,22309.158717647300364
,12,561,27587.258247500903963
,13,613,7414.721496653703070
,14,265,41969.332010867052304
,15,230,20937.478144395441632
,16,117,22643.423256718615448
,17,204,19193.361201533691201
,18,634,4402.907522438721571
,19,855,6249.420536136152805
,20,830,3825.926731760429448
,21,140,24971.498699619489344
,22,648,25118.712452504507382
,23,550,28208.293620085107250
,24,342,44537.973221250140341
,25,642,3605.231279301287486
,26,900,7363.539802812460039
,27,231,21466.262848161335569
,28,834,17162.877439474599669
,29,233,25521.172782647536224
,30,248,25024.171550240149372
,31,360,56081.296758182681515
,32,724,19381.167973999665264
,33,163,27968.785002771994186
,34,269,36833.807829618817777
,35,208,34895.602279202161299
,36,843,3402.151858683451792
,37,650,4611.928706421397692
,38,647,9590.978655541290209
,39,365,51742.608901722371229
,40,663,2435.826965793722593
,41,751,19985.606921113525459
,42,810,9936.196111658160589
,43,871,3968.361443689091175
,44,253,33435.531927231168083
,45,219,20745.278959540322830
,46,232,21641.227741353028250
,47,683,2897.568195676407868
,48,186,33551.310884059595992
,49,146,27297.428388261418149
,50,639,7214.386591344393310
,51,302,41634.164464093046263
,52,654,4214.037245510808134
,53,235,21161.329838460394967
,54,609,27033.763199745193560
,55,843,8202.335319096138846
,56,155,33219.222992484472343
,57,128,22573.770660953221523
,58,650,23580.934318314546545
,59,167,34346.982937643100740
,60,881,2577.892230579526768
,61,588,27265.975516151498596
,62,613,7414.721496653703070
,63,661,3141.582603387638756
,64,190,34980.130437786414404
,65,622,27755.614607091640210
,66,299,43396.275662352389190
,67,230,20937.478144395441632
,68,254,25933.284310480466957
,69,235,20957.283099851254519
,70,123,22129.731090909244813
,71,102,20249.787833784084796
,72,206,19920.389638038184785
,73,226,22993.446025829995051
,74,612,4673.021709186348744
,75,794,2867.209249620980245
,76,172,34642.329519562677888
,77,207,20062.073243496695795
,78,770,10836.130686955433703
,79,860,5913.728076635097750
,80,835,2666.597829190581706
,81,162,34765.475599996825622
,82,608,4247.577840532139817
,83,156,27161.972099398222781
,84,866,12348.181989281971255
,85,561,28484.714813621929352
,86,554,27668.278752693007846
,87,699,22747.042823002735531
,88,227,40931.325110489276994
,89,654,26435.234836603849544
,90,603,5123.287007312563219
,91,255,34184.224036437532050
,92,776,9466.320916584874794
,93,253,40079.066073238078388
,94,146,26176.131217157861101
,95,292,44511.692566628567874
,96,909,5860.672671256260401
,97,421,682.800958728415367
,98,539,
,99,664,808.380766023498609
,100,378,
,101,438,
,102,49,16268.599239924011272
,103,110,33005.549584688174946
,104,71,15703.556727246588707
,105,110,33278.633879219676601
,106,112,33017.810513470743899
,107,1297,18448.094919144888991
,108,807,2549.175371574028304
,109,192,34938.742632714573119
,110,636,4733.830730806052998
,111,157,31535.211857895377761
,112,164,31704.231706980222953
,113,186,33633.302768516550714
,114,107,29448.432242819810199
,115,142,29087.734301081378362
,116,146,32810.017870522606245
,117,146,29508.807280118478957
,118,651,1131.027752976689044
,119,196,34950.351398065489775
,120,659,8564.118525450665402
,121,672,3591.642540447048304
,122,601,6333.870389058199180
,123,164,32324.662542272351857
,124,847,2655.619287127978623
,125,808,5932.574935296028343
,126,638,4254.016357189982955
,127,383,35522.823256720148493
,128,91,15198.027186534378416
,129,96,29097.455486623890465
,130,199,38227.631370076429448
,131,200,35502.265213406826661
,132,68,17005.222651493026206
,133,93,15359.024434264392767
,134,554,36903.671986842113256
,135,324,34130.825434765589307
,136,141,19057.170636007813300
,137,219,16050.114596412715400
,138,121,32654.819371819237858
,139,126,35709.836888091667788
,140,140,18489.869666162438079
,141,136,18674.535605142991699
,142,135,17438.129162862100202
,143,237,45862.761889614586835
,144,388,30391.683488291262620
,145,341,32121.820867720569368
,146,659,1009.096099983727072
,147,112,36092.006350591211230
,148,140,18550.783715787692927
,149,138,19034.675480144171161
,150,650,26476.917766114514961
,151,650,26476.917766114514961
,152,1197,1460.368345003929790
,153,209,20070.422458124605328
,154,886,3636.362163383444113
,155,886,3636.362163383444113
,156,864,6573.222723958171628
,157,215,20533.178965472245181
,158,811,4905.282234254302239
,159,215,20533.178965472245181
,160,811,4905.282234254302239
,161,391,
,162,218,10729.665870148181057
,163,416,544.228959429743668
,164,218,49472.756430491368519
,165,114,15560.577147186779257
,166,114,15560.577147186779257
,167,1262,2849.809387368734861
,168,1282,2956.860240593877279
,169,104,14992.675641567722778
,170,104,14992.675641567722778
,171,220,49499.295585240339278
,172,868,12826.013343957254619
,173,868,12826.013343957254619
,174,94,13828.943792829837548
,175,94,13828.943792829837548
,176,214,49375.867250889299612
,177,855,6925.342015023106796
,178,855,6925.342015023106796
,179,626,4321.616333915404539
,180,611,4061.772805605353369
,181,653,3699.074435847929180
,182,653,3699.074435847929180
,183,217,10544.853324890733347
,184,641,24.467584854986100
,185,599,7580.574855501007733
,186,598,7568.023103417377570
,187,220,49499.295585240339278
,188,861,7243.948796085575850
,189,861,7243.948796085575850
,190,645,5848.933603837642295
,191,645,5848.933603837642295
,192,599,5071.060790274559622
,193,599,5071.060790274559622
,194,1054,1785.168352408426017
,195,1054,1785.168352408426017
,196,795,8197.941918718415764
,197,795,8197.941918718415764
,198,614,6002.590368276529261
,199,613,6014.645926863549903
,200,219,49388.530686610196426
,201,608,6875.097468258187291
,202,610,6876.527342330139618
,203,836,2577.721359506682802
,204,202,19769.474995451699215
,205,836,2577.721359506682802
,206,220,49499.295585240339278
,207,219,49465.748355876457936
,208,1209,1508.935193592638370
,209,668,752.369453918331146
,210,612,27921.067884126630815
,211,612,27921.067884126630815
,212,638,5437.112507161111353
,213,638,5437.112507161111353
,214,837,7305.948917439120123
,215,837,7305.948917439120123
,216,862,7301.811548195977593
,276,1045,1990.117342908838509
,217,619,4042.094948011093493
,277,1065,2496.838081477160813
,278,1065,2496.838081477160813
,318,624,1440.970524737066398
,279,1065,2496.838081477160813
,218,234,37878.538240807843977
,219,234,37878.538240807843977
,280,532,14231.342513768715435
,220,105,14992.401401935667309
,221,105,14992.401401935667309
,281,1084,1562.223845194726437
,282,1084,1562.223845194726437
,283,1084,1562.223845194726437
,222,214,20527.344655446842808
,223,228,37250.874244322352752
,224,228,37250.874244322352752
,284,1045,1990.117342908838509
,285,1045,1990.117342908838509
,286,1045,1990.117342908838509
,225,864,6519.349947359178259
,226,864,6519.349947359178259
,227,862,7301.811548195977593
,287,1294,6010.982043810377036
,288,1294,6010.982043810377036
,319,390,
,289,1294,6010.982043810377036
,228,608,6792.208985462344572
,290,1282,3818.932151151677772
,291,1282,3818.932151151677772
,292,1282,3818.932151151677772
,229,208,20099.384976527988329
,293,1218,1983.065497053462423
,230,855,6967.459290667385176
,294,1218,1983.065497053462423
,295,1218,1983.065497053462423
,231,855,6967.459290667385176
,232,632,4048.286588810312878
,233,204,19768.209395937319641
,296,1323,11548.156124016582908
,297,1323,11548.156124016582908
,298,1323,11548.156124016582908
,320,441,693.684771922063760
,299,1303,6574.436869527135968
,300,1303,6574.436869527135968
,301,1303,6574.436869527135968
,321,666,570.053042497399133
,234,86,13787.745324103629173
,235,86,13787.745324103629173
,236,1210,1688.383333476954704
,237,1210,1688.383333476954704
,302,1196,1101.147260926335775
,303,1196,1101.147260926335775
,304,1196,1101.147260926335775
,238,112,15538.675491426667577
,305,1196,1101.147260926335775
,239,112,15538.675491426667577
,306,1188,488.679298300401115
,307,1188,488.679298300401115
,240,1266,2938.613556747506664
,308,1188,488.679298300401115
,241,1266,2938.613556747506664
,242,626,4387.754628063956261
,243,1071,1655.939953912871260
,309,1166,1041.887794221368722
,244,1071,1655.939953912871260
,310,1107,1314.365383818047121
,311,1107,1314.365383818047121
,312,1107,1314.365383818047121
,313,1107,1314.365383818047121
,245,602,7577.361626062131108
,314,1166,1041.887794221368722
,315,1166,1041.887794221368722
,246,614,6023.332664475631645
,316,1146,1442.791499764419086
,247,649,1175.850147402125913
,248,649,1175.850147402125913
,249,79,13782.092628282438454
,250,605,6841.370522201261338
,251,615,6005.697149666618316
,252,600,7571.162204081113487
,253,100,14972.003285731190772
,254,858,6975.666350322660037
,255,862,6548.186441435253982
,256,632,4048.286588810312878
,257,635,2751.178587597936257
,258,635,2751.178587597936257
,259,391,
,260,391,
,261,110,15530.038678050897943
,262,860,7329.083928013979857
,263,531,166.737797330770718
,264,531,166.737797330770718
,265,626,4387.754628063956261
,266,619,4042.094948011093493
,267,1036,1799.300941721509844
,268,1036,1799.300941721509844
,269,1036,1799.300941721509844
,270,1273,2954.326254131509359
,271,1273,2954.326254131509359
,272,1273,2954.326254131509359
,273,1229,1537.976575151812995
,274,1229,1537.976575151812995
,275,1229,1537.976575151812995
,317,1166,1041.887794221368722
,322,600,7571.162204081113487
,323,615,6005.697149666618316
,324,605,6841.370522201261338
,325,1118,3076.028074182888304
,326,225,37604.771621088839311
,327,1039,1799.894880989196054
,328,1283,3006.052091837230819
,329,1091,1700.615725525240578
,330,1139,1294.940437459967143
,331,1272,2736.238309384777494
,332,1091,1700.615725525240578
,333,1139,1294.940437459967143
,334,861,6975.746148802314565
,335,157,48220.482942203889252
,336,159,50231.906411774820299
,337,79,13782.092628282438454
,338,860,7329.083928013979857
,339,862,6548.186441435253982
,340,203,12771.507639118064617
,341,312,19580.403857655983302
,342,808,2843.026320441013013
,343,1272,2736.238309384777494
,344,1091,1700.615725525240578
,345,1139,1294.940437459967143
