Buffer_cam,FID_camera,FREQUENCY,SUM_Road_l,buffer_c_1
EF1_C0003,1728,5,492.29738248400,EF1_C0003
EF1_C0005,1730,18,0.00000000000,EF1_C0005
EF1_C0006,1731,1,200.96020988300,EF1_C0006
EF1_C0013,1738,37,0.00000000000,EF1_C0013
EF1_C0017,1742,16,0.00000000000,EF1_C0017
EF1_C0019,1744,20,0.00000000000,EF1_C0019
EF1_C0022,1747,27,0.00000000000,EF1_C0022
EF1_C0028,1753,6,0.00000000000,EF1_C0028
EF1_C0035,1760,2,279.89906326500,EF1_C0035
EF1_C0036,1761,15,0.00000000000,EF1_C0036
EF1_C0038,1763,7,0.00000000000,EF1_C0038
EF1_C0039,1764,3,270.89977525900,EF1_C0039
EF1_C0042,1767,46,0.00000000000,EF1_C0042
EF1_C0043,1768,18,0.00000000000,EF1_C0043
EF1_C0054,1779,12,0.00000000000,EF1_C0054
EF1_C0055,1780,58,0.00000000000,EF1_C0055
EF1_C0062,1787,37,0.00000000000,EF1_C0062
EF1_C0065,1790,8,0.00000000000,EF1_C0065
EF1_C0072,1797,1,0.00000000000,EF1_C0072
EF1_C0079,1804,42,0.00000000000,EF1_C0079
EF1_C0080,1805,8,0.00000000000,EF1_C0080
EF1_C0089,1814,13,0.00000000000,EF1_C0089
EF1_C0090,1815,18,0.00000000000,EF1_C0090
EF1_C0092,1817,4,0.00000000000,EF1_C0092
EF1_C0093,1818,1,432.83312456500,EF1_C0093
EF1_C0103,1828,4,380.89587671300,EF1_C0103
EF1_C0105,1830,2,419.67495539100,EF1_C0105
EF1_C0107,1832,11,0.00000000000,EF1_C0107
EF1_C0109,1834,4,392.15083740300,EF1_C0109
EF1_C0111,1836,3,305.92055278800,EF1_C0111
EF1_C0112,1837,8,1064.03332083000,EF1_C0112
EF1_C0116,1841,1,13.65130815140,EF1_C0116
EF1_C0117,1842,2,508.20768537300,EF1_C0117
EF1_C0123,1848,6,465.28812322500,EF1_C0123
EF1_C0124,1849,33,0.00000000000,EF1_C0124
EF1_C0126,1851,8,0.00000000000,EF1_C0126
EF1_C0127,1852,1,217.81321969300,EF1_C0127
EF1_C0128,1853,2,574.60541420500,EF1_C0128
EF1_C0129,1854,1,384.94182217000,EF1_C0129
EF1_C0131,1856,8,831.73407518300,EF1_C0131
EF1_C0133,1858,4,450.59808734900,EF1_C0133
EF1_C0134,1859,2,341.79422885500,EF1_C0134
EF1_C0136,1861,4,557.93799618800,EF1_C0136
EF1_C0137,1862,3,539.86677099400,EF1_C0137
EF1_C0138,1863,4,768.70266730500,EF1_C0138
EF1_C0139,1864,1,567.37906824600,EF1_C0139
EF1_C0140,1865,6,463.39965550700,EF1_C0140
EF1_C0141,1866,4,251.82252390500,EF1_C0141
EF1_C0143,1868,2,497.94126734100,EF1_C0143
EF1_C0148,1873,13,916.12753880900,EF1_C0148
EF1_C0149,1874,1,416.27683087800,EF1_C0149
EF1_C0150,1875,28,0.00000000000,EF1_C0150
EF1_C0151,1876,28,0.00000000000,EF1_C0151
EF1_C0156,1881,36,0.00000000000,EF1_C0156
EF1_C0177,1902,42,0.00000000000,EF1_C0177
EF1_C0178,1903,42,0.00000000000,EF1_C0178
EF1_C0185,1910,35,0.00000000000,EF1_C0185
EF1_C0186,1911,34,0.00000000000,EF1_C0186
EF1_C0188,1913,52,0.00000000000,EF1_C0188
EF1_C0189,1914,52,0.00000000000,EF1_C0189
EF1_C0190,1915,29,0.00000000000,EF1_C0190
EF1_C0191,1916,29,0.00000000000,EF1_C0191
EF1_C0192,1917,18,0.00000000000,EF1_C0192
EF1_C0193,1918,18,0.00000000000,EF1_C0193
EF1_C0194,1919,24,0.00000000000,EF1_C0194
EF1_C0195,1920,24,0.00000000000,EF1_C0195
EF1_C0196,1921,11,0.00000000000,EF1_C0196
EF1_C0197,1922,11,0.00000000000,EF1_C0197
EF1_C0201,1926,29,0.00000000000,EF1_C0201
EF1_C0202,1927,29,0.00000000000,EF1_C0202
EF1_C0203,1928,15,0.00000000000,EF1_C0203
EF1_C0204,1929,7,0.00000000000,EF1_C0204
EF1_C0205,1930,15,0.00000000000,EF1_C0205
EF1_C0216,1941,52,0.00000000000,EF1_C0216
EF1_C0217,2001,34,0.00000000000,EF1_C0217
EF1_C0219,2002,20,0.00000000000,EF1_C0219
EF1_C0220,2003,20,0.00000000000,EF1_C0220
EF1_C0222,2004,20,0.00000000000,EF1_C0222
EF1_C0223,1943,3,96.73892737170,EF1_C0223
EF1_C0224,1944,3,96.73892737170,EF1_C0224
EF1_C0228,2006,6,0.00000000000,EF1_C0228
EF1_C0229,2007,6,0.00000000000,EF1_C0229
EF1_C0230,2008,6,0.00000000000,EF1_C0230
EF1_C0232,1948,9,504.52261079100,EF1_C0232
EF1_C0233,1949,9,504.52261079100,EF1_C0233
EF1_C0234,2009,34,0.00000000000,EF1_C0234
EF1_C0235,2010,34,0.00000000000,EF1_C0235
EF1_C0236,2011,34,0.00000000000,EF1_C0236
EF1_C0237,1950,33,0.00000000000,EF1_C0237
EF1_C0238,1951,33,0.00000000000,EF1_C0238
EF1_C0239,1952,52,0.00000000000,EF1_C0239
EF1_C0244,1953,20,0.00000000000,EF1_C0244
EF1_C0250,1955,42,0.00000000000,EF1_C0250
EF1_C0253,1956,42,0.00000000000,EF1_C0253
EF1_C0255,1958,9,0.00000000000,EF1_C0255
EF1_C0280,1968,17,0.00000000000,EF1_C0280
EF1_C0282,1969,17,0.00000000000,EF1_C0282
EF1_C0283,2035,7,0.00000000000,EF1_C0283
EF1_C0284,2036,7,0.00000000000,EF1_C0284
EF1_C0285,2037,7,0.00000000000,EF1_C0285
EF1_C0286,2038,7,0.00000000000,EF1_C0286
EF1_C0287,1970,33,0.00000000000,EF1_C0287
EF1_C0295,1975,23,0.00000000000,EF1_C0295
EF1_C0297,1977,34,0.00000000000,EF1_C0297
EF1_C0299,1979,42,0.00000000000,EF1_C0299
EF1_C0300,1980,33,0.00000000000,EF1_C0300
EF1_C0307,1987,52,0.00000000000,EF1_C0307
EF1_C0312,1992,25,0.00000000000,EF1_C0312
EF1_C0313,1993,25,0.00000000000,EF1_C0313
EF1_C0314,1994,25,0.00000000000,EF1_C0314
EF1_C0321,2047,34,0.00000000000,EF1_C0321
EF1_C0323,2049,23,0.00000000000,EF1_C0323
EF1_C0324,2050,12,0.00000000000,EF1_C0324
EF1_C0325,2051,12,569.01606212500,EF1_C0325
EF1_C0326,2052,26,0.00000000000,EF1_C0326
EF1_C0328,2054,7,0.00000000000,EF1_C0328
EF1_C0331,2057,7,0.00000000000,EF1_C0331
EF1_C0333,2059,42,0.00000000000,EF1_C0333
EF1_C0334,2060,3,508.98764951600,EF1_C0334
EF1_C0335,2061,9,734.68061650600,EF1_C0335
EF1_C0337,2063,52,0.00000000000,EF1_C0337
EF1_C0338,2064,33,0.00000000000,EF1_C0338
EF1_C0339,2065,2,480.78151976800,EF1_C0339
EF1_C0340,2066,4,360.94758617800,EF1_C0340
EF1_C0343,2069,7,0.00000000000,EF1_C0343
EF2_C0003,1383,7,553.56349043100,EF2_C0003
EF2_C0005,1385,20,0.00000000000,EF2_C0005
EF2_C0006,1386,3,321.97560022400,EF2_C0006
EF2_C0013,1393,45,0.00000000000,EF2_C0013
EF2_C0017,1397,18,0.00000000000,EF2_C0017
EF2_C0019,1399,27,0.00000000000,EF2_C0019
EF2_C0022,1402,35,0.00000000000,EF2_C0022
EF2_C0028,1408,9,0.00000000000,EF2_C0028
EF2_C0035,1415,4,384.42428046300,EF2_C0035
EF2_C0036,1416,22,0.00000000000,EF2_C0036
EF2_C0038,1418,11,0.00000000000,EF2_C0038
EF2_C0039,1419,5,370.47613446100,EF2_C0039
EF2_C0042,1422,57,0.00000000000,EF2_C0042
EF2_C0043,1423,22,0.00000000000,EF2_C0043
EF2_C0044,1424,5,232.59365817500,EF2_C0044
EF2_C0054,1434,25,0.00000000000,EF2_C0054
EF2_C0055,1435,69,0.00000000000,EF2_C0055
EF2_C0062,1442,45,0.00000000000,EF2_C0062
EF2_C0065,1445,12,0.00000000000,EF2_C0065
EF2_C0072,1452,10,0.00000000000,EF2_C0072
EF2_C0079,1459,46,0.00000000000,EF2_C0079
EF2_C0080,1460,9,0.00000000000,EF2_C0080
EF2_C0085,1465,4,0.00000000000,EF2_C0085
EF2_C0089,1469,17,0.00000000000,EF2_C0089
EF2_C0090,1470,21,0.00000000000,EF2_C0090
EF2_C0092,1472,5,0.00000000000,EF2_C0092
EF2_C0093,1473,3,499.96898078100,EF2_C0093
EF2_C0103,1483,7,435.40498176200,EF2_C0103
EF2_C0105,1485,6,480.76052064900,EF2_C0105
EF2_C0107,1487,15,0.00000000000,EF2_C0107
EF2_C0109,1489,7,528.85805716200,EF2_C0109
EF2_C0111,1491,5,402.27179342600,EF2_C0111
EF2_C0112,1492,12,1146.70973348000,EF2_C0112
EF2_C0116,1496,2,47.10344764990,EF2_C0116
EF2_C0117,1497,4,570.07083112600,EF2_C0117
EF2_C0123,1503,8,521.08021387400,EF2_C0123
EF2_C0124,1504,37,0.00000000000,EF2_C0124
EF2_C0126,1506,11,0.00000000000,EF2_C0126
EF2_C0127,1507,2,351.52307877100,EF2_C0127
EF2_C0128,1508,5,630.11862872700,EF2_C0128
EF2_C0129,1509,3,479.21477689100,EF2_C0129
EF2_C0131,1511,14,1003.01297110000,EF2_C0131
EF2_C0133,1513,6,514.25744755500,EF2_C0133
EF2_C0134,1514,4,425.26816807300,EF2_C0134
EF2_C0136,1516,11,879.04953477000,EF2_C0136
EF2_C0137,1517,6,596.27294138900,EF2_C0137
EF2_C0138,1518,7,896.57174649400,EF2_C0138
EF2_C0139,1519,4,688.85723421700,EF2_C0139
EF2_C0140,1520,9,521.66055121200,EF2_C0140
EF2_C0141,1521,7,345.36182246700,EF2_C0141
EF2_C0142,1522,2,213.85124388200,EF2_C0142
EF2_C0143,1523,4,557.23795014200,EF2_C0143
EF2_C0148,1528,17,1006.38134326000,EF2_C0148
EF2_C0149,1529,2,493.88177445300,EF2_C0149
EF2_C0150,1530,37,0.00000000000,EF2_C0150
EF2_C0151,1531,37,0.00000000000,EF2_C0151
EF2_C0156,1536,45,0.00000000000,EF2_C0156
EF2_C0172,1552,1,0.00000000000,EF2_C0172
EF2_C0173,1553,1,0.00000000000,EF2_C0173
EF2_C0177,1557,54,0.00000000000,EF2_C0177
EF2_C0178,1558,54,0.00000000000,EF2_C0178
EF2_C0185,1565,47,0.00000000000,EF2_C0185
EF2_C0186,1566,45,0.00000000000,EF2_C0186
EF2_C0188,1568,59,0.00000000000,EF2_C0188
EF2_C0189,1569,59,0.00000000000,EF2_C0189
EF2_C0190,1570,33,0.00000000000,EF2_C0190
EF2_C0191,1571,33,0.00000000000,EF2_C0191
EF2_C0192,1572,22,0.00000000000,EF2_C0192
EF2_C0193,1573,22,0.00000000000,EF2_C0193
EF2_C0194,1574,38,0.00000000000,EF2_C0194
EF2_C0195,1575,38,0.00000000000,EF2_C0195
EF2_C0196,1576,14,0.00000000000,EF2_C0196
EF2_C0197,1577,14,0.00000000000,EF2_C0197
EF2_C0201,1581,37,0.00000000000,EF2_C0201
EF2_C0202,1582,37,0.00000000000,EF2_C0202
EF2_C0203,1583,17,0.00000000000,EF2_C0203
EF2_C0204,1584,13,0.00000000000,EF2_C0204
EF2_C0205,1585,17,0.00000000000,EF2_C0205
EF2_C0210,1590,3,0.00000000000,EF2_C0210
EF2_C0211,1591,3,0.00000000000,EF2_C0211
EF2_C0216,1596,59,0.00000000000,EF2_C0216
EF2_C0217,1656,41,0.00000000000,EF2_C0217
EF2_C0219,1657,36,0.00000000000,EF2_C0219
EF2_C0220,1658,36,0.00000000000,EF2_C0220
EF2_C0222,1659,36,0.00000000000,EF2_C0222
EF2_C0223,1598,4,138.09141356800,EF2_C0223
EF2_C0224,1599,4,138.09141356800,EF2_C0224
EF2_C0225,1660,1,165.91704023900,EF2_C0225
EF2_C0228,1661,21,0.00000000000,EF2_C0228
EF2_C0229,1662,21,0.00000000000,EF2_C0229
EF2_C0230,1663,21,0.00000000000,EF2_C0230
EF2_C0232,1603,14,647.44222931700,EF2_C0232
EF2_C0233,1604,14,647.44222931700,EF2_C0233
EF2_C0234,1664,41,0.00000000000,EF2_C0234
EF2_C0235,1665,41,0.00000000000,EF2_C0235
EF2_C0236,1666,41,0.00000000000,EF2_C0236
EF2_C0237,1605,43,0.00000000000,EF2_C0237
EF2_C0238,1606,43,0.00000000000,EF2_C0238
EF2_C0239,1607,59,0.00000000000,EF2_C0239
EF2_C0244,1608,32,0.00000000000,EF2_C0244
EF2_C0250,1610,52,0.00000000000,EF2_C0250
EF2_C0253,1611,52,0.00000000000,EF2_C0253
EF2_C0255,1613,15,0.00000000000,EF2_C0255
EF2_C0280,1623,33,0.00000000000,EF2_C0280
EF2_C0282,1624,33,0.00000000000,EF2_C0282
EF2_C0283,1690,21,0.00000000000,EF2_C0283
EF2_C0284,1691,21,0.00000000000,EF2_C0284
EF2_C0285,1692,21,0.00000000000,EF2_C0285
EF2_C0286,1693,21,0.00000000000,EF2_C0286
EF2_C0287,1625,45,0.00000000000,EF2_C0287
EF2_C0295,1630,34,0.00000000000,EF2_C0295
EF2_C0297,1632,46,0.00000000000,EF2_C0297
EF2_C0299,1634,52,0.00000000000,EF2_C0299
EF2_C0300,1635,43,0.00000000000,EF2_C0300
EF2_C0307,1642,59,0.00000000000,EF2_C0307
EF2_C0312,1647,39,0.00000000000,EF2_C0312
EF2_C0313,1648,39,0.00000000000,EF2_C0313
EF2_C0314,1649,39,0.00000000000,EF2_C0314
EF2_C0321,1702,46,0.00000000000,EF2_C0321
EF2_C0323,1704,34,0.00000000000,EF2_C0323
EF2_C0324,1705,20,0.00000000000,EF2_C0324
EF2_C0325,1706,17,733.80650419800,EF2_C0325
EF2_C0326,1707,40,0.00000000000,EF2_C0326
EF2_C0328,1709,25,0.00000000000,EF2_C0328
EF2_C0331,1712,25,0.00000000000,EF2_C0331
EF2_C0333,1714,52,0.00000000000,EF2_C0333
EF2_C0334,1715,6,602.74627881400,EF2_C0334
EF2_C0335,1716,12,819.08606708200,EF2_C0335
EF2_C0337,1718,59,0.00000000000,EF2_C0337
EF2_C0338,1719,43,0.00000000000,EF2_C0338
EF2_C0339,1720,5,543.31894906400,EF2_C0339
EF2_C0340,1721,6,431.65057044900,EF2_C0340
EF2_C0343,1724,25,0.00000000000,EF2_C0343
EM1_C0003,1038,23,1523.26911706000,EM1_C0003
EM1_C0005,1040,33,0.00000000000,EM1_C0005
EM1_C0006,1041,9,738.01588889600,EM1_C0006
EM1_C0010,1045,52,0.00000000000,EM1_C0010
EM1_C0013,1048,67,0.00000000000,EM1_C0013
EM1_C0017,1052,37,0.00000000000,EM1_C0017
EM1_C0018,1053,25,0.00000000000,EM1_C0018
EM1_C0019,1054,72,0.00000000000,EM1_C0019
EM1_C0020,1055,10,0.00000000000,EM1_C0020
EM1_C0022,1057,45,0.00000000000,EM1_C0022
EM1_C0028,1063,16,0.00000000000,EM1_C0028
EM1_C0029,1064,2,142.40922531800,EM1_C0029
EM1_C0034,1069,6,610.83652329000,EM1_C0034
EM1_C0035,1070,7,781.25816372400,EM1_C0035
EM1_C0036,1071,47,0.00000000000,EM1_C0036
EM1_C0037,1072,33,0.00000000000,EM1_C0037
EM1_C0038,1073,35,0.00000000000,EM1_C0038
EM1_C0039,1074,8,764.59548209200,EM1_C0039
EM1_C0042,1077,133,0.00000000000,EM1_C0042
EM1_C0043,1078,46,0.00000000000,EM1_C0043
EM1_C0044,1079,9,710.21423526400,EM1_C0044
EM1_C0045,1080,26,0.00000000000,EM1_C0045
EM1_C0050,1085,28,0.00000000000,EM1_C0050
EM1_C0052,1087,29,0.00000000000,EM1_C0052
EM1_C0054,1089,59,0.00000000000,EM1_C0054
EM1_C0055,1090,95,0.00000000000,EM1_C0055
EM1_C0058,1093,18,0.00000000000,EM1_C0058
EM1_C0060,1095,39,0.00000000000,EM1_C0060
EM1_C0061,1096,23,0.00000000000,EM1_C0061
EM1_C0062,1097,67,0.00000000000,EM1_C0062
EM1_C0065,1100,24,0.00000000000,EM1_C0065
EM1_C0066,1101,4,192.51368772500,EM1_C0066
EM1_C0072,1107,23,0.00000000000,EM1_C0072
EM1_C0077,1112,21,0.00000000000,EM1_C0077
EM1_C0078,1113,1,0.00000000000,EM1_C0078
EM1_C0079,1114,84,0.00000000000,EM1_C0079
EM1_C0080,1115,13,0.00000000000,EM1_C0080
EM1_C0084,1119,15,0.00000000000,EM1_C0084
EM1_C0085,1120,18,0.00000000000,EM1_C0085
EM1_C0088,1123,6,830.50191616600,EM1_C0088
EM1_C0089,1124,57,0.00000000000,EM1_C0089
EM1_C0090,1125,33,0.00000000000,EM1_C0090
EM1_C0091,1126,5,329.97943474700,EM1_C0091
EM1_C0092,1127,11,0.00000000000,EM1_C0092
EM1_C0093,1128,13,1000.73015137000,EM1_C0093
EM1_C0103,1138,9,740.44012282700,EM1_C0103
EM1_C0105,1140,8,815.16042742900,EM1_C0105
EM1_C0106,1141,2,583.69003287400,EM1_C0106
EM1_C0107,1142,20,0.00000000000,EM1_C0107
EM1_C0109,1144,11,1108.49525038000,EM1_C0109
EM1_C0111,1146,10,774.14831046800,EM1_C0111
EM1_C0112,1147,18,1592.65857671000,EM1_C0112
EM1_C0115,1150,4,463.77897356600,EM1_C0115
EM1_C0116,1151,5,254.96399404400,EM1_C0116
EM1_C0117,1152,6,907.64663963000,EM1_C0117
EM1_C0122,1157,47,0.00000000000,EM1_C0122
EM1_C0123,1158,15,1261.20676633000,EM1_C0123
EM1_C0124,1159,54,0.00000000000,EM1_C0124
EM1_C0125,1160,2,0.00000000000,EM1_C0125
EM1_C0126,1161,24,0.00000000000,EM1_C0126
EM1_C0127,1162,5,782.55608869500,EM1_C0127
EM1_C0128,1163,11,925.08175392600,EM1_C0128
EM1_C0129,1164,6,861.98896339900,EM1_C0129
EM1_C0130,1165,11,604.96934059000,EM1_C0130
EM1_C0131,1166,23,1679.06757128000,EM1_C0131
EM1_C0133,1168,10,1162.24244564000,EM1_C0133
EM1_C0134,1169,7,791.01313380500,EM1_C0134
EM1_C0136,1171,24,1873.68817992000,EM1_C0136
EM1_C0137,1172,10,906.20686257900,EM1_C0137
EM1_C0138,1173,17,2031.90644890000,EM1_C0138
EM1_C0139,1174,9,1274.76690948000,EM1_C0139
EM1_C0140,1175,15,861.26122582600,EM1_C0140
EM1_C0141,1176,12,749.74790914600,EM1_C0141
EM1_C0142,1177,7,1184.84351321000,EM1_C0142
EM1_C0143,1178,6,865.76316272300,EM1_C0143
EM1_C0147,1182,4,451.10430409700,EM1_C0147
EM1_C0148,1183,24,1463.84142460000,EM1_C0148
EM1_C0149,1184,4,873.05862632700,EM1_C0149
EM1_C0150,1185,58,0.00000000000,EM1_C0150
EM1_C0151,1186,58,0.00000000000,EM1_C0151
EM1_C0153,1188,21,0.00000000000,EM1_C0153
EM1_C0156,1191,88,0.00000000000,EM1_C0156
EM1_C0164,1199,6,320.12375795000,EM1_C0164
EM1_C0165,1200,8,0.00000000000,EM1_C0165
EM1_C0166,1201,8,0.00000000000,EM1_C0166
EM1_C0171,1206,5,326.61615362200,EM1_C0171
EM1_C0172,1207,16,0.00000000000,EM1_C0172
EM1_C0173,1208,16,0.00000000000,EM1_C0173
EM1_C0176,1211,1,189.41328312700,EM1_C0176
EM1_C0177,1212,105,0.00000000000,EM1_C0177
EM1_C0178,1213,105,0.00000000000,EM1_C0178
EM1_C0185,1220,72,0.00000000000,EM1_C0185
EM1_C0186,1221,73,0.00000000000,EM1_C0186
EM1_C0187,1222,5,326.61615362200,EM1_C0187
EM1_C0188,1223,128,0.00000000000,EM1_C0188
EM1_C0189,1224,128,0.00000000000,EM1_C0189
EM1_C0190,1225,46,0.00000000000,EM1_C0190
EM1_C0191,1226,46,0.00000000000,EM1_C0191
EM1_C0192,1227,32,0.00000000000,EM1_C0192
EM1_C0193,1228,32,0.00000000000,EM1_C0193
EM1_C0194,1229,80,0.00000000000,EM1_C0194
EM1_C0195,1230,80,0.00000000000,EM1_C0195
EM1_C0196,1231,21,0.00000000000,EM1_C0196
EM1_C0197,1232,21,0.00000000000,EM1_C0197
EM1_C0198,1233,41,0.00000000000,EM1_C0198
EM1_C0199,1234,44,0.00000000000,EM1_C0199
EM1_C0200,1235,2,202.37091591500,EM1_C0200
EM1_C0201,1236,72,0.00000000000,EM1_C0201
EM1_C0202,1237,72,0.00000000000,EM1_C0202
EM1_C0203,1238,27,0.00000000000,EM1_C0203
EM1_C0204,1239,30,0.00000000000,EM1_C0204
EM1_C0205,1240,27,0.00000000000,EM1_C0205
EM1_C0206,1241,5,326.61615362200,EM1_C0206
EM1_C0207,1242,4,314.39444542300,EM1_C0207
EM1_C0210,1245,21,0.00000000000,EM1_C0210
EM1_C0211,1246,21,0.00000000000,EM1_C0211
EM1_C0214,1249,12,0.00000000000,EM1_C0214
EM1_C0215,1250,12,0.00000000000,EM1_C0215
EM1_C0216,1251,124,0.00000000000,EM1_C0216
EM1_C0217,1311,75,0.00000000000,EM1_C0217
EM1_C0219,1312,57,0.00000000000,EM1_C0219
EM1_C0220,1313,57,0.00000000000,EM1_C0220
EM1_C0222,1314,57,0.00000000000,EM1_C0222
EM1_C0223,1253,20,1463.85245152000,EM1_C0223
EM1_C0224,1254,20,1463.85245152000,EM1_C0224
EM1_C0225,1315,5,609.88812547000,EM1_C0225
EM1_C0228,1316,85,0.00000000000,EM1_C0228
EM1_C0229,1317,85,0.00000000000,EM1_C0229
EM1_C0230,1318,85,0.00000000000,EM1_C0230
EM1_C0232,1258,32,1471.66153467000,EM1_C0232
EM1_C0233,1259,32,1471.66153467000,EM1_C0233
EM1_C0234,1319,75,0.00000000000,EM1_C0234
EM1_C0235,1320,75,0.00000000000,EM1_C0235
EM1_C0236,1321,75,0.00000000000,EM1_C0236
EM1_C0237,1260,86,0.00000000000,EM1_C0237
EM1_C0238,1261,86,0.00000000000,EM1_C0238
EM1_C0239,1262,124,0.00000000000,EM1_C0239
EM1_C0244,1263,69,0.00000000000,EM1_C0244
EM1_C0248,1264,18,0.00000000000,EM1_C0248
EM1_C0250,1265,106,0.00000000000,EM1_C0250
EM1_C0253,1266,106,0.00000000000,EM1_C0253
EM1_C0255,1268,32,0.00000000000,EM1_C0255
EM1_C0271,1273,5,0.00000000000,EM1_C0271
EM1_C0273,1274,5,0.00000000000,EM1_C0273
EM1_C0280,1278,66,0.00000000000,EM1_C0280
EM1_C0281,1344,28,0.00000000000,EM1_C0281
EM1_C0282,1279,66,0.00000000000,EM1_C0282
EM1_C0283,1345,68,0.00000000000,EM1_C0283
EM1_C0284,1346,68,0.00000000000,EM1_C0284
EM1_C0285,1347,68,0.00000000000,EM1_C0285
EM1_C0286,1348,68,0.00000000000,EM1_C0286
EM1_C0287,1280,72,0.00000000000,EM1_C0287
EM1_C0288,1349,28,0.00000000000,EM1_C0288
EM1_C0289,1350,28,0.00000000000,EM1_C0289
EM1_C0290,1281,47,0.00000000000,EM1_C0290
EM1_C0291,1351,39,0.00000000000,EM1_C0291
EM1_C0295,1285,71,0.00000000000,EM1_C0295
EM1_C0296,1286,41,0.00000000000,EM1_C0296
EM1_C0297,1287,72,0.00000000000,EM1_C0297
EM1_C0299,1289,107,0.00000000000,EM1_C0299
EM1_C0300,1290,84,0.00000000000,EM1_C0300
EM1_C0306,1296,5,0.00000000000,EM1_C0306
EM1_C0307,1297,126,0.00000000000,EM1_C0307
EM1_C0312,1302,84,0.00000000000,EM1_C0312
EM1_C0313,1303,84,0.00000000000,EM1_C0313
EM1_C0314,1304,84,0.00000000000,EM1_C0314
EM1_C0321,1352,28,0.00000000000,EM1_C0321
EM1_C0321,1357,72,0.00000000000,EM1_C0321
EM1_C0322,1358,41,0.00000000000,EM1_C0322
EM1_C0323,1359,71,0.00000000000,EM1_C0323
EM1_C0324,1360,84,0.00000000000,EM1_C0324
EM1_C0325,1361,32,1794.02100011000,EM1_C0325
EM1_C0326,1362,87,0.00000000000,EM1_C0326
EM1_C0328,1364,55,0.00000000000,EM1_C0328
EM1_C0329,1365,44,0.00000000000,EM1_C0329
EM1_C0331,1367,55,0.00000000000,EM1_C0331
EM1_C0332,1368,44,0.00000000000,EM1_C0332
EM1_C0333,1369,108,0.00000000000,EM1_C0333
EM1_C0334,1370,16,1077.08022618000,EM1_C0334
EM1_C0335,1371,19,1267.78827871000,EM1_C0335
EM1_C0337,1373,126,0.00000000000,EM1_C0337
EM1_C0338,1374,84,0.00000000000,EM1_C0338
EM1_C0339,1375,10,859.11828459500,EM1_C0339
EM1_C0340,1376,10,765.43892737200,EM1_C0340
EM1_C0343,1379,55,0.00000000000,EM1_C0343
EM1_C0344,1380,44,0.00000000000,EM1_C0344
EM2_C0003,693,34,2709.78758109000,EM2_C0003
EM2_C0004,694,41,0.00000000000,EM2_C0004
EM2_C0005,695,51,0.00000000000,EM2_C0005
EM2_C0006,696,15,1269.58649341000,EM2_C0006
EM2_C0009,699,24,0.00000000000,EM2_C0009
EM2_C0010,700,140,0.00000000000,EM2_C0010
EM2_C0012,702,7,0.00000000000,EM2_C0012
EM2_C0013,703,110,0.00000000000,EM2_C0013
EM2_C0016,706,2,175.90240717700,EM2_C0016
EM2_C0017,707,49,0.00000000000,EM2_C0017
EM2_C0018,708,55,0.00000000000,EM2_C0018
EM2_C0019,709,157,0.00000000000,EM2_C0019
EM2_C0020,710,58,0.00000000000,EM2_C0020
EM2_C0022,712,75,0.00000000000,EM2_C0022
EM2_C0023,713,38,0.00000000000,EM2_C0023
EM2_C0024,714,4,931.73650819600,EM2_C0024
EM2_C0028,718,39,0.00000000000,EM2_C0028
EM2_C0029,719,4,701.67498056100,EM2_C0029
EM2_C0031,721,4,1130.05901205000,EM2_C0031
EM2_C0032,722,18,210.73013537400,EM2_C0032
EM2_C0034,724,24,1426.38994355000,EM2_C0034
EM2_C0035,725,12,1309.52418404000,EM2_C0035
EM2_C0036,726,70,0.00000000000,EM2_C0036
EM2_C0037,727,71,0.00000000000,EM2_C0037
EM2_C0038,728,57,0.00000000000,EM2_C0038
EM2_C0039,729,13,1291.50037942000,EM2_C0039
EM2_C0041,731,24,0.00000000000,EM2_C0041
EM2_C0042,732,180,0.00000000000,EM2_C0042
EM2_C0043,733,97,0.00000000000,EM2_C0043
EM2_C0044,734,16,1988.33648408000,EM2_C0044
EM2_C0045,735,35,0.00000000000,EM2_C0045
EM2_C0049,739,7,746.50934889800,EM2_C0049
EM2_C0050,740,78,0.00000000000,EM2_C0050
EM2_C0051,741,13,1288.74889541000,EM2_C0051
EM2_C0052,742,67,0.00000000000,EM2_C0052
EM2_C0054,744,90,0.00000000000,EM2_C0054
EM2_C0055,745,164,0.00000000000,EM2_C0055
EM2_C0056,746,9,1176.37204949000,EM2_C0056
EM2_C0058,748,80,0.00000000000,EM2_C0058
EM2_C0060,750,56,0.00000000000,EM2_C0060
EM2_C0061,751,65,7.63895316549,EM2_C0061
EM2_C0062,752,110,0.00000000000,EM2_C0062
EM2_C0065,755,73,20.01087827800,EM2_C0065
EM2_C0066,756,14,1048.01419879000,EM2_C0066
EM2_C0070,760,1,77.27908801480,EM2_C0070
EM2_C0072,762,51,0.00000000000,EM2_C0072
EM2_C0073,763,19,0.00000000000,EM2_C0073
EM2_C0077,767,47,0.00000000000,EM2_C0077
EM2_C0078,768,32,0.00000000000,EM2_C0078
EM2_C0079,769,163,0.00000000000,EM2_C0079
EM2_C0080,770,34,0.00000000000,EM2_C0080
EM2_C0081,771,1,93.66207007280,EM2_C0081
EM2_C0084,774,45,0.00000000000,EM2_C0084
EM2_C0085,775,66,0.00000000000,EM2_C0085
EM2_C0086,776,33,0.00000000000,EM2_C0086
EM2_C0087,777,31,0.00000000000,EM2_C0087
EM2_C0088,778,13,1636.98370123000,EM2_C0088
EM2_C0089,779,85,0.00000000000,EM2_C0089
EM2_C0090,780,60,0.00000000000,EM2_C0090
EM2_C0091,781,26,1601.03679035000,EM2_C0091
EM2_C0092,782,25,0.00000000000,EM2_C0092
EM2_C0093,783,25,2385.36884262000,EM2_C0093
EM2_C0097,787,39,0.00000000000,EM2_C0097
EM2_C0100,790,22,0.00000000000,EM2_C0100
EM2_C0102,792,2,828.34169323600,EM2_C0102
EM2_C0103,793,20,2719.88604150000,EM2_C0103
EM2_C0105,795,11,1381.34147764000,EM2_C0105
EM2_C0106,796,11,1617.31315224000,EM2_C0106
EM2_C0107,797,43,0.00000000000,EM2_C0107
EM2_C0108,798,21,0.00000000000,EM2_C0108
EM2_C0109,799,20,1881.44200828000,EM2_C0109
EM2_C0110,800,83,0.00000000000,EM2_C0110
EM2_C0111,801,15,1277.13401303000,EM2_C0111
EM2_C0112,802,33,3214.47097768000,EM2_C0112
EM2_C0113,803,15,1397.47286585000,EM2_C0113
EM2_C0114,804,14,1686.43029480000,EM2_C0114
EM2_C0115,805,10,1183.88118200000,EM2_C0115
EM2_C0116,806,8,1113.70290173000,EM2_C0116
EM2_C0117,807,11,1812.36327125000,EM2_C0117
EM2_C0119,809,3,412.79854774500,EM2_C0119
EM2_C0120,810,22,0.00000000000,EM2_C0120
EM2_C0121,811,40,0.00000000000,EM2_C0121
EM2_C0122,812,103,0.00000000000,EM2_C0122
EM2_C0123,813,33,3803.45791266000,EM2_C0123
EM2_C0124,814,74,0.00000000000,EM2_C0124
EM2_C0125,815,39,0.00000000000,EM2_C0125
EM2_C0126,816,53,0.00000000000,EM2_C0126
EM2_C0127,817,11,1466.70019167000,EM2_C0127
EM2_C0128,818,14,1422.60770848000,EM2_C0128
EM2_C0129,819,10,1466.36463360000,EM2_C0129
EM2_C0130,820,27,1961.11995204000,EM2_C0130
EM2_C0131,821,36,2817.56625957000,EM2_C0131
EM2_C0133,823,16,1689.10290747000,EM2_C0133
EM2_C0134,824,11,1309.82877252000,EM2_C0134
EM2_C0136,826,40,3325.84343548000,EM2_C0136
EM2_C0137,827,14,1391.69123134000,EM2_C0137
EM2_C0138,828,27,3621.27140895000,EM2_C0138
EM2_C0139,829,14,2981.79214404000,EM2_C0139
EM2_C0140,830,29,1917.35659928000,EM2_C0140
EM2_C0141,831,26,1797.00595338000,EM2_C0141
EM2_C0142,832,12,2036.06133637000,EM2_C0142
EM2_C0143,833,10,1356.50826867000,EM2_C0143
EM2_C0144,834,4,376.31452643100,EM2_C0144
EM2_C0145,835,6,1164.56149099000,EM2_C0145
EM2_C0147,837,9,1587.54162959000,EM2_C0147
EM2_C0148,838,33,2354.66807209000,EM2_C0148
EM2_C0149,839,10,1888.71061645000,EM2_C0149
EM2_C0150,840,96,0.00000000000,EM2_C0150
EM2_C0151,841,96,0.00000000000,EM2_C0151
EM2_C0152,842,129,0.00000000000,EM2_C0152
EM2_C0153,843,44,0.00000000000,EM2_C0153
EM2_C0154,844,55,0.00000000000,EM2_C0154
EM2_C0155,845,55,0.00000000000,EM2_C0155
EM2_C0156,846,174,0.00000000000,EM2_C0156
EM2_C0157,847,39,0.00000000000,EM2_C0157
EM2_C0158,848,20,0.00000000000,EM2_C0158
EM2_C0159,849,39,0.00000000000,EM2_C0159
EM2_C0160,850,20,0.00000000000,EM2_C0160
EM2_C0161,851,24,0.00000000000,EM2_C0161
EM2_C0162,852,5,535.22893554700,EM2_C0162
EM2_C0163,853,31,0.00000000000,EM2_C0163
EM2_C0164,854,18,1668.13283209000,EM2_C0164
EM2_C0165,855,16,10.00120853620,EM2_C0165
EM2_C0166,856,16,10.00120853620,EM2_C0166
EM2_C0167,857,81,0.00000000000,EM2_C0167
EM2_C0168,858,72,0.00000000000,EM2_C0168
EM2_C0169,859,18,0.00000000000,EM2_C0169
EM2_C0170,860,18,0.00000000000,EM2_C0170
EM2_C0171,861,21,1717.74632010000,EM2_C0171
EM2_C0172,862,42,0.00000000000,EM2_C0172
EM2_C0173,863,42,0.00000000000,EM2_C0173
EM2_C0174,864,13,0.00000000000,EM2_C0174
EM2_C0175,865,13,0.00000000000,EM2_C0175
EM2_C0176,866,13,1611.51325904000,EM2_C0176
EM2_C0177,867,179,0.00000000000,EM2_C0177
EM2_C0178,868,179,0.00000000000,EM2_C0178
EM2_C0181,871,46,0.00000000000,EM2_C0181
EM2_C0182,872,46,0.00000000000,EM2_C0182
EM2_C0183,873,2,260.08030227400,EM2_C0183
EM2_C0185,875,116,0.00000000000,EM2_C0185
EM2_C0186,876,116,0.00000000000,EM2_C0186
EM2_C0187,877,21,1717.74632010000,EM2_C0187
EM2_C0188,878,185,0.00000000000,EM2_C0188
EM2_C0189,879,185,0.00000000000,EM2_C0189
EM2_C0190,880,72,0.00000000000,EM2_C0190
EM2_C0191,881,72,0.00000000000,EM2_C0191
EM2_C0192,882,60,0.00000000000,EM2_C0192
EM2_C0193,883,60,0.00000000000,EM2_C0193
EM2_C0194,884,143,0.00000000000,EM2_C0194
EM2_C0195,885,143,0.00000000000,EM2_C0195
EM2_C0196,886,41,0.00000000000,EM2_C0196
EM2_C0197,887,41,0.00000000000,EM2_C0197
EM2_C0198,888,105,0.00000000000,EM2_C0198
EM2_C0199,889,106,0.00000000000,EM2_C0199
EM2_C0200,890,16,1625.75707127000,EM2_C0200
EM2_C0201,891,112,0.00000000000,EM2_C0201
EM2_C0202,892,112,0.00000000000,EM2_C0202
EM2_C0203,893,49,0.00000000000,EM2_C0203
EM2_C0204,894,52,0.00000000000,EM2_C0204
EM2_C0205,895,49,0.00000000000,EM2_C0205
EM2_C0206,896,21,1717.74632010000,EM2_C0206
EM2_C0207,897,17,1657.77266667000,EM2_C0207
EM2_C0208,898,126,0.00000000000,EM2_C0208
EM2_C0210,900,68,0.00000000000,EM2_C0210
EM2_C0211,901,68,0.00000000000,EM2_C0211
EM2_C0214,904,71,0.00000000000,EM2_C0214
EM2_C0215,905,71,0.00000000000,EM2_C0215
EM2_C0216,906,184,0.00000000000,EM2_C0216
EM2_C0217,966,147,0.00000000000,EM2_C0217
EM2_C0218,907,3,0.00000000000,EM2_C0218
EM2_C0219,967,94,0.00000000000,EM2_C0219
EM2_C0220,968,94,0.00000000000,EM2_C0220
EM2_C0222,969,94,0.00000000000,EM2_C0222
EM2_C0223,908,51,3242.06522629000,EM2_C0223
EM2_C0224,909,51,3242.06522629000,EM2_C0224
EM2_C0225,970,9,1170.50242953000,EM2_C0225
EM2_C0226,910,15,0.00000000000,EM2_C0226
EM2_C0227,911,15,0.00000000000,EM2_C0227
EM2_C0228,971,146,0.00000000000,EM2_C0228
EM2_C0229,972,146,0.00000000000,EM2_C0229
EM2_C0230,973,146,0.00000000000,EM2_C0230
EM2_C0231,912,41,0.00000000000,EM2_C0231
EM2_C0232,913,52,3361.63486791000,EM2_C0232
EM2_C0233,914,52,3361.63486791000,EM2_C0233
EM2_C0234,974,147,0.00000000000,EM2_C0234
EM2_C0235,975,147,0.00000000000,EM2_C0235
EM2_C0236,976,147,0.00000000000,EM2_C0236
EM2_C0237,915,169,0.00000000000,EM2_C0237
EM2_C0238,916,169,0.00000000000,EM2_C0238
EM2_C0239,917,184,0.00000000000,EM2_C0239
EM2_C0242,1009,19,0.00000000000,EM2_C0242
EM2_C0244,918,110,0.00000000000,EM2_C0244
EM2_C0248,919,44,0.00000000000,EM2_C0248
EM2_C0249,983,42,0.00000000000,EM2_C0249
EM2_C0250,920,180,0.00000000000,EM2_C0250
EM2_C0251,984,42,0.00000000000,EM2_C0251
EM2_C0252,985,42,0.00000000000,EM2_C0252
EM2_C0253,921,180,0.00000000000,EM2_C0253
EM2_C0254,922,23,0.00000000000,EM2_C0254
EM2_C0255,923,52,0.00000000000,EM2_C0255
EM2_C0256,986,19,0.00000000000,EM2_C0256
EM2_C0257,987,19,0.00000000000,EM2_C0257
EM2_C0258,988,19,0.00000000000,EM2_C0258
EM2_C0259,1010,28,0.00000000000,EM2_C0259
EM2_C0264,924,13,0.00000000000,EM2_C0264
EM2_C0265,925,13,0.00000000000,EM2_C0265
EM2_C0266,926,128,0.00000000000,EM2_C0266
EM2_C0267,927,128,0.00000000000,EM2_C0267
EM2_C0268,992,60,0.00000000000,EM2_C0268
EM2_C0269,993,60,0.00000000000,EM2_C0269
EM2_C0270,994,60,0.00000000000,EM2_C0270
EM2_C0271,928,16,0.00000000000,EM2_C0271
EM2_C0272,995,60,0.00000000000,EM2_C0272
EM2_C0273,929,16,0.00000000000,EM2_C0273
EM2_C0274,996,71,0.00000000000,EM2_C0274
EM2_C0275,997,71,0.00000000000,EM2_C0275
EM2_C0276,930,80,0.00000000000,EM2_C0276
EM2_C0277,998,71,0.00000000000,EM2_C0277
EM2_C0278,931,80,0.00000000000,EM2_C0278
EM2_C0280,933,141,0.00000000000,EM2_C0280
EM2_C0281,999,88,0.00000000000,EM2_C0281
EM2_C0282,934,141,0.00000000000,EM2_C0282
EM2_C0283,1000,136,0.00000000000,EM2_C0283
EM2_C0284,1001,136,0.00000000000,EM2_C0284
EM2_C0285,1002,136,0.00000000000,EM2_C0285
EM2_C0286,1003,136,0.00000000000,EM2_C0286
EM2_C0287,935,116,0.00000000000,EM2_C0287
EM2_C0288,1004,88,0.00000000000,EM2_C0288
EM2_C0289,1005,88,0.00000000000,EM2_C0289
EM2_C0290,936,106,0.00000000000,EM2_C0290
EM2_C0291,1006,84,0.00000000000,EM2_C0291
EM2_C0294,939,13,0.28866405793,EM2_C0294
EM2_C0295,940,112,0.00000000000,EM2_C0295
EM2_C0296,941,103,0.00000000000,EM2_C0296
EM2_C0297,942,116,0.00000000000,EM2_C0297
EM2_C0298,943,15,0.00000000000,EM2_C0298
EM2_C0299,944,181,0.00000000000,EM2_C0299
EM2_C0300,945,172,0.00000000000,EM2_C0300
EM2_C0301,946,23,0.00000000000,EM2_C0301
EM2_C0304,949,32,0.00000000000,EM2_C0304
EM2_C0305,950,32,0.00000000000,EM2_C0305
EM2_C0306,951,16,0.00000000000,EM2_C0306
EM2_C0307,952,185,0.00000000000,EM2_C0307
EM2_C0311,956,3,0.00000000000,EM2_C0311
EM2_C0312,957,145,0.00000000000,EM2_C0312
EM2_C0313,958,145,0.00000000000,EM2_C0313
EM2_C0314,959,145,0.00000000000,EM2_C0314
EM2_C0315,960,77,0.00000000000,EM2_C0315
EM2_C0316,961,77,0.00000000000,EM2_C0316
EM2_C0317,962,77,0.00000000000,EM2_C0317
EM2_C0318,963,122,0.00000000000,EM2_C0318
EM2_C0319,964,122,0.00000000000,EM2_C0319
EM2_C0320,965,122,0.00000000000,EM2_C0320
EM2_C0321,1007,88,0.00000000000,EM2_C0321
EM2_C0321,1012,116,0.00000000000,EM2_C0321
EM2_C0322,1013,103,0.00000000000,EM2_C0322
EM2_C0323,1014,112,0.00000000000,EM2_C0323
EM2_C0324,1015,137,0.00000000000,EM2_C0324
EM2_C0325,1016,55,3512.86649159000,EM2_C0325
EM2_C0326,1017,146,0.00000000000,EM2_C0326
EM2_C0327,1018,71,0.00000000000,EM2_C0327
EM2_C0328,1019,124,0.00000000000,EM2_C0328
EM2_C0329,1020,90,0.00000000000,EM2_C0329
EM2_C0331,1022,124,0.00000000000,EM2_C0331
EM2_C0332,1023,90,0.00000000000,EM2_C0332
EM2_C0333,1024,182,0.00000000000,EM2_C0333
EM2_C0334,1025,23,1817.09748595000,EM2_C0334
EM2_C0335,1026,24,1982.97575313000,EM2_C0335
EM2_C0336,1027,13,0.28866405793,EM2_C0336
EM2_C0337,1028,185,0.00000000000,EM2_C0337
EM2_C0338,1029,172,0.00000000000,EM2_C0338
EM2_C0339,1030,14,1395.97245442000,EM2_C0339
EM2_C0340,1031,18,1309.13949676000,EM2_C0340
EM2_C0341,1032,6,0.00000000000,EM2_C0341
EM2_C0343,1034,124,0.00000000000,EM2_C0343
EM2_C0344,1035,90,0.00000000000,EM2_C0344
P1_C0002,347,30,498.74333456400,P1_C0002
P1_C0003,348,63,5795.86147552000,P1_C0003
P1_C0004,349,208,0.00000000000,P1_C0004
P1_C0005,350,84,0.00000000000,P1_C0005
P1_C0006,351,51,5134.05321331000,P1_C0006
P1_C0007,352,64,0.00000000000,P1_C0007
P1_C0008,353,8,807.34069056500,P1_C0008
P1_C0009,354,137,0.00000000000,P1_C0009
P1_C0010,355,314,0.00000000000,P1_C0010
P1_C0011,356,9,707.82718417900,P1_C0011
P1_C0012,357,156,2478.19255483000,P1_C0012
P1_C0013,358,195,0.00000000000,P1_C0013
P1_C0014,359,46,5117.89419825000,P1_C0014
P1_C0016,361,11,1004.21964064000,P1_C0016
P1_C0017,362,79,1307.65549046000,P1_C0017
P1_C0018,363,117,0.00000000000,P1_C0018
P1_C0019,364,264,0.00000000000,P1_C0019
P1_C0020,365,194,0.00000000000,P1_C0020
P1_C0021,366,1,88.34835257200,P1_C0021
P1_C0022,367,165,765.69533054200,P1_C0022
P1_C0023,368,145,1347.55571580000,P1_C0023
P1_C0024,369,60,7068.46918134000,P1_C0024
P1_C0025,370,128,0.00000000000,P1_C0025
P1_C0026,371,114,0.00000000000,P1_C0026
P1_C0028,373,94,207.22875295800,P1_C0028
P1_C0029,374,18,2555.78180375000,P1_C0029
P1_C0030,375,34,1082.61900555000,P1_C0030
P1_C0031,376,28,5490.89960213000,P1_C0031
P1_C0032,377,154,1739.53992505000,P1_C0032
P1_C0033,378,3,257.14830663700,P1_C0033
P1_C0034,379,69,6375.48860464000,P1_C0034
P1_C0035,380,42,4411.36453839000,P1_C0035
P1_C0036,381,181,0.00000000000,P1_C0036
P1_C0037,382,188,0.00000000000,P1_C0037
P1_C0038,383,142,87.74132491300,P1_C0038
P1_C0039,384,37,4484.62512714000,P1_C0039
P1_C0040,385,142,0.00000000000,P1_C0040
P1_C0041,386,181,629.74063057400,P1_C0041
P1_C0042,387,279,0.00000000000,P1_C0042
P1_C0043,388,227,0.00000000000,P1_C0043
P1_C0044,389,58,5845.38636458000,P1_C0044
P1_C0045,390,76,274.25104063800,P1_C0045
P1_C0046,391,65,327.93779451100,P1_C0046
P1_C0047,392,97,0.00000000000,P1_C0047
P1_C0048,393,9,880.89172477300,P1_C0048
P1_C0049,394,12,1553.68568960000,P1_C0049
P1_C0050,395,166,0.00000000000,P1_C0050
P1_C0051,396,43,4999.23104217000,P1_C0051
P1_C0052,397,130,0.00000000000,P1_C0052
P1_C0053,398,46,159.72936837900,P1_C0053
P1_C0054,399,168,450.88505209000,P1_C0054
P1_C0055,400,311,0.00000000000,P1_C0055
P1_C0056,401,32,4454.23869903000,P1_C0056
P1_C0057,402,4,301.24078449500,P1_C0057
P1_C0058,403,201,279.70098624400,P1_C0058
P1_C0059,404,13,2168.89477110000,P1_C0059
P1_C0060,405,163,0.00000000000,P1_C0060
P1_C0061,406,164,2002.22078814000,P1_C0061
P1_C0062,407,195,0.00000000000,P1_C0062
P1_C0063,408,181,0.00000000000,P1_C0063
P1_C0064,409,32,4141.35943786000,P1_C0064
P1_C0065,410,140,1424.45196793000,P1_C0065
P1_C0066,411,41,4107.43180639000,P1_C0066
P1_C0068,413,25,1686.73116103000,P1_C0068
P1_C0070,415,10,828.73223379200,P1_C0070
P1_C0071,416,7,611.76136968300,P1_C0071
P1_C0072,417,74,398.91362630500,P1_C0072
P1_C0073,418,64,3168.52886307000,P1_C0073
P1_C0074,419,166,0.00000000000,P1_C0074
P1_C0075,420,89,0.00000000000,P1_C0075
P1_C0076,421,11,1770.75933784000,P1_C0076
P1_C0077,422,85,1282.77965538000,P1_C0077
P1_C0078,423,284,0.00000000000,P1_C0078
P1_C0079,424,289,0.00000000000,P1_C0079
P1_C0080,425,77,0.00000000000,P1_C0080
P1_C0081,426,40,5769.64673322000,P1_C0081
P1_C0082,427,153,0.00000000000,P1_C0082
P1_C0083,428,4,258.96976166400,P1_C0083
P1_C0084,429,105,745.85263258700,P1_C0084
P1_C0085,430,145,619.76166272500,P1_C0085
P1_C0086,431,152,1635.14266902000,P1_C0086
P1_C0087,432,195,588.63030983600,P1_C0087
P1_C0088,433,47,5403.12987211000,P1_C0088
P1_C0089,434,159,788.87053548000,P1_C0089
P1_C0090,435,135,0.00000000000,P1_C0090
P1_C0091,436,68,6584.06825980000,P1_C0091
P1_C0092,437,258,0.00000000000,P1_C0092
P1_C0093,438,40,4624.00170742000,P1_C0093
P1_C0094,439,13,1141.82615731000,P1_C0094
P1_C0095,440,42,5370.02669375000,P1_C0095
P1_C0096,441,302,0.00000000000,P1_C0096
P1_C0097,442,80,0.00000000000,P1_C0097
P1_C0098,443,65,0.00000000000,P1_C0098
P1_C0099,444,66,0.00000000000,P1_C0099
P1_C0100,445,74,0.00000000000,P1_C0100
P1_C0101,446,67,0.00000000000,P1_C0101
P1_C0102,447,13,3213.86630444000,P1_C0102
P1_C0103,448,48,10506.45668780000,P1_C0103
P1_C0104,449,14,2017.46335513000,P1_C0104
P1_C0105,450,21,4057.04490653000,P1_C0105
P1_C0106,451,45,8854.36682453000,P1_C0106
P1_C0107,452,186,0.00000000000,P1_C0107
P1_C0108,453,93,0.00000000000,P1_C0108
P1_C0109,454,40,5032.76189077000,P1_C0109
P1_C0110,455,196,0.00000000000,P1_C0110
P1_C0111,456,48,6088.42287960000,P1_C0111
P1_C0112,457,77,9807.01781039000,P1_C0112
P1_C0113,458,42,5236.06436416000,P1_C0113
P1_C0114,459,42,6191.24287074000,P1_C0114
P1_C0115,460,39,5498.51390752000,P1_C0115
P1_C0116,461,31,8104.84980510000,P1_C0116
P1_C0117,462,28,6142.79495330000,P1_C0117
P1_C0118,463,12,0.00000000000,P1_C0118
P1_C0119,464,45,6565.10304818000,P1_C0119
P1_C0120,465,159,0.00000000000,P1_C0120
P1_C0121,466,144,0.00000000000,P1_C0121
P1_C0122,467,218,0.00000000000,P1_C0122
P1_C0123,468,67,8839.97581879000,P1_C0123
P1_C0124,469,183,0.00000000000,P1_C0124
P1_C0125,470,203,0.00000000000,P1_C0125
P1_C0126,471,95,846.23836020500,P1_C0126
P1_C0127,472,33,4977.15748103000,P1_C0127
P1_C0128,473,23,3874.10431862000,P1_C0128
P1_C0129,474,22,4363.36332106000,P1_C0129
P1_C0130,475,73,9189.93967954000,P1_C0130
P1_C0131,476,74,9756.97784262000,P1_C0131
P1_C0132,477,8,1507.29369558000,P1_C0132
P1_C0133,478,25,3574.11521086000,P1_C0133
P1_C0134,479,28,4948.10407955000,P1_C0134
P1_C0135,480,31,4724.94534292000,P1_C0135
P1_C0136,481,82,7321.56205069000,P1_C0136
P1_C0137,482,47,3923.21977673000,P1_C0137
P1_C0138,483,44,7676.08273877000,P1_C0138
P1_C0139,484,41,9043.81731011000,P1_C0139
P1_C0140,485,74,5505.13657374000,P1_C0140
P1_C0141,486,73,6315.39304951000,P1_C0141
P1_C0142,487,33,5468.02925916000,P1_C0142
P1_C0143,488,56,6367.56348424000,P1_C0143
P1_C0144,489,24,3651.38987244000,P1_C0144
P1_C0145,490,17,2687.78850519000,P1_C0145
P1_C0146,491,59,0.00000000000,P1_C0146
P1_C0147,492,27,5802.86909753000,P1_C0147
P1_C0148,493,68,5579.87667071000,P1_C0148
P1_C0149,494,30,5395.22863277000,P1_C0149
P1_C0150,495,167,331.84792558000,P1_C0150
P1_C0151,496,167,331.84792558000,P1_C0151
P1_C0152,497,242,0.00000000000,P1_C0152
P1_C0153,498,81,826.20843849600,P1_C0153
P1_C0154,499,240,0.00000000000,P1_C0154
P1_C0155,500,240,0.00000000000,P1_C0155
P1_C0156,501,276,0.00000000000,P1_C0156
P1_C0157,502,75,224.24352096000,P1_C0157
P1_C0158,503,188,0.00000000000,P1_C0158
P1_C0159,504,75,224.24352096000,P1_C0159
P1_C0160,505,188,0.00000000000,P1_C0160
P1_C0161,506,77,0.00000000000,P1_C0161
P1_C0162,507,50,3754.46219009000,P1_C0162
P1_C0163,508,80,0.00000000000,P1_C0163
P1_C0164,509,62,9215.98490025000,P1_C0164
P1_C0165,510,35,1109.24020615000,P1_C0165
P1_C0166,511,35,1109.24020615000,P1_C0166
P1_C0167,512,258,0.00000000000,P1_C0167
P1_C0168,513,262,0.00000000000,P1_C0168
P1_C0169,514,37,1037.15661930000,P1_C0169
P1_C0170,515,37,1037.15661930000,P1_C0170
P1_C0171,516,56,8972.50058306000,P1_C0171
P1_C0172,517,106,459.32991700500,P1_C0172
P1_C0173,518,106,459.32991700500,P1_C0173
P1_C0174,519,36,1112.24644240000,P1_C0174
P1_C0175,520,36,1112.24644240000,P1_C0175
P1_C0176,521,76,9337.47803983000,P1_C0176
P1_C0177,522,280,0.00000000000,P1_C0177
P1_C0178,523,280,0.00000000000,P1_C0178
P1_C0179,524,150,0.00000000000,P1_C0179
P1_C0180,525,144,0.00000000000,P1_C0180
P1_C0181,526,117,0.00000000000,P1_C0181
P1_C0182,527,117,0.00000000000,P1_C0182
P1_C0183,528,47,3668.24721537000,P1_C0183
P1_C0184,529,65,0.00000000000,P1_C0184
P1_C0185,530,206,0.00000000000,P1_C0185
P1_C0186,531,208,0.00000000000,P1_C0186
P1_C0187,532,56,8972.50058306000,P1_C0187
P1_C0188,533,279,0.00000000000,P1_C0188
P1_C0189,534,279,0.00000000000,P1_C0189
P1_C0190,535,149,0.00000000000,P1_C0190
P1_C0191,536,149,0.00000000000,P1_C0191
P1_C0192,537,134,0.00000000000,P1_C0192
P1_C0193,538,134,0.00000000000,P1_C0193
P1_C0194,539,258,0.00000000000,P1_C0194
P1_C0195,540,258,0.00000000000,P1_C0195
P1_C0196,541,126,1950.65905769000,P1_C0196
P1_C0197,542,126,1950.65905769000,P1_C0197
P1_C0198,543,210,0.00000000000,P1_C0198
P1_C0199,544,212,0.00000000000,P1_C0199
P1_C0200,545,72,9295.98950517000,P1_C0200
P1_C0201,546,194,0.00000000000,P1_C0201
P1_C0202,547,196,0.00000000000,P1_C0202
P1_C0203,548,84,0.00000000000,P1_C0203
P1_C0204,549,80,687.61359574300,P1_C0204
P1_C0205,550,84,0.00000000000,P1_C0205
P1_C0206,551,56,8972.50058306000,P1_C0206
P1_C0207,552,65,9256.37904540000,P1_C0207
P1_C0208,553,237,0.00000000000,P1_C0208
P1_C0209,554,54,0.00000000000,P1_C0209
P1_C0210,555,136,1491.92367755000,P1_C0210
P1_C0211,556,136,1491.92367755000,P1_C0211
P1_C0212,557,162,0.00000000000,P1_C0212
P1_C0213,558,162,0.00000000000,P1_C0213
P1_C0214,559,237,0.00000000000,P1_C0214
P1_C0215,560,237,0.00000000000,P1_C0215
P1_C0216,561,274,0.00000000000,P1_C0216
P1_C0217,621,263,0.00000000000,P1_C0217
P1_C0218,562,144,0.00000000000,P1_C0218
P1_C0219,622,269,0.00000000000,P1_C0219
P1_C0220,623,269,0.00000000000,P1_C0220
P1_C0221,663,72,0.00000000000,P1_C0221
P1_C0222,624,269,0.00000000000,P1_C0222
P1_C0223,563,75,7190.86068566000,P1_C0223
P1_C0224,564,75,7190.86068566000,P1_C0224
P1_C0225,625,60,5188.89671828000,P1_C0225
P1_C0226,565,34,1031.23230042000,P1_C0226
P1_C0227,566,34,1031.23230042000,P1_C0227
P1_C0228,626,250,0.00000000000,P1_C0228
P1_C0229,627,250,0.00000000000,P1_C0229
P1_C0230,628,250,0.00000000000,P1_C0230
P1_C0231,567,77,228.16207287800,P1_C0231
P1_C0232,568,71,6671.88056219000,P1_C0232
P1_C0233,569,71,6671.88056219000,P1_C0233
P1_C0234,629,263,0.00000000000,P1_C0234
P1_C0235,630,263,0.00000000000,P1_C0235
P1_C0236,631,263,0.00000000000,P1_C0236
P1_C0237,570,276,0.00000000000,P1_C0237
P1_C0238,571,276,0.00000000000,P1_C0238
P1_C0239,572,274,0.00000000000,P1_C0239
P1_C0240,632,269,0.00000000000,P1_C0240
P1_C0241,633,269,0.00000000000,P1_C0241
P1_C0242,664,75,0.00000000000,P1_C0242
P1_C0243,634,269,0.00000000000,P1_C0243
P1_C0244,573,197,0.00000000000,P1_C0244
P1_C0245,635,277,0.00000000000,P1_C0245
P1_C0246,636,277,0.00000000000,P1_C0246
P1_C0247,637,277,0.00000000000,P1_C0247
P1_C0248,574,81,917.72743105700,P1_C0248
P1_C0249,638,278,0.00000000000,P1_C0249
P1_C0250,575,281,0.00000000000,P1_C0250
P1_C0251,639,278,0.00000000000,P1_C0251
P1_C0252,640,278,0.00000000000,P1_C0252
P1_C0253,576,281,0.00000000000,P1_C0253
P1_C0254,577,145,0.00000000000,P1_C0254
P1_C0255,578,78,678.41026187600,P1_C0255
P1_C0256,641,237,0.00000000000,P1_C0256
P1_C0257,642,237,0.00000000000,P1_C0257
P1_C0258,643,237,0.00000000000,P1_C0258
P1_C0259,665,78,0.00000000000,P1_C0259
P1_C0260,644,281,0.00000000000,P1_C0260
P1_C0261,645,281,0.00000000000,P1_C0261
P1_C0262,646,281,0.00000000000,P1_C0262
P1_C0263,666,52,0.00000000000,P1_C0263
P1_C0264,579,36,1109.11804548000,P1_C0264
P1_C0265,580,36,1109.11804548000,P1_C0265
P1_C0266,581,237,0.00000000000,P1_C0266
P1_C0267,582,237,0.00000000000,P1_C0267
P1_C0268,647,275,0.00000000000,P1_C0268
P1_C0269,648,275,0.00000000000,P1_C0269
P1_C0270,649,275,0.00000000000,P1_C0270
P1_C0271,583,35,1107.25227499000,P1_C0271
P1_C0272,650,275,0.00000000000,P1_C0272
P1_C0273,584,35,1107.25227499000,P1_C0273
P1_C0274,651,259,0.00000000000,P1_C0274
P1_C0275,652,259,0.00000000000,P1_C0275
P1_C0276,585,258,0.00000000000,P1_C0276
P1_C0277,653,259,0.00000000000,P1_C0277
P1_C0278,586,258,0.00000000000,P1_C0278
P1_C0279,587,153,0.00000000000,P1_C0279
P1_C0280,588,258,0.00000000000,P1_C0280
P1_C0281,654,262,0.00000000000,P1_C0281
P1_C0282,589,258,0.00000000000,P1_C0282
P1_C0283,655,253,0.00000000000,P1_C0283
P1_C0284,656,253,0.00000000000,P1_C0284
P1_C0285,657,253,0.00000000000,P1_C0285
P1_C0286,658,253,0.00000000000,P1_C0286
P1_C0287,590,207,0.00000000000,P1_C0287
P1_C0288,659,262,0.00000000000,P1_C0288
P1_C0289,660,262,0.00000000000,P1_C0289
P1_C0290,591,215,0.00000000000,P1_C0290
P1_C0291,661,267,0.00000000000,P1_C0291
P1_C0292,592,39,0.00000000000,P1_C0292
P1_C0293,593,39,0.00000000000,P1_C0293
P1_C0294,594,36,1108.81150615000,P1_C0294
P1_C0295,595,196,0.00000000000,P1_C0295
P1_C0296,596,215,0.00000000000,P1_C0296
P1_C0297,597,205,0.00000000000,P1_C0297
P1_C0298,598,34,1030.67172971000,P1_C0298
P1_C0299,599,283,0.00000000000,P1_C0299
P1_C0300,600,276,0.00000000000,P1_C0300
P1_C0301,601,145,0.00000000000,P1_C0301
P1_C0302,602,34,0.00000000000,P1_C0302
P1_C0303,603,34,0.00000000000,P1_C0303
P1_C0304,604,78,0.00000000000,P1_C0304
P1_C0305,605,78,0.00000000000,P1_C0305
P1_C0306,606,35,1107.27769635000,P1_C0306
P1_C0307,607,277,0.00000000000,P1_C0307
P1_C0308,608,72,0.00000000000,P1_C0308
P1_C0309,609,72,0.00000000000,P1_C0309
P1_C0310,610,153,0.00000000000,P1_C0310
P1_C0311,611,144,0.00000000000,P1_C0311
P1_C0312,612,261,0.00000000000,P1_C0312
P1_C0313,613,261,0.00000000000,P1_C0313
P1_C0314,614,261,0.00000000000,P1_C0314
P1_C0315,615,263,0.00000000000,P1_C0315
P1_C0316,616,263,0.00000000000,P1_C0316
P1_C0317,617,263,0.00000000000,P1_C0317
P1_C0318,618,241,0.00000000000,P1_C0318
P1_C0319,619,241,0.00000000000,P1_C0319
P1_C0320,620,241,0.00000000000,P1_C0320
P1_C0321,662,262,0.00000000000,P1_C0321
P1_C0321,667,205,0.00000000000,P1_C0321
P1_C0322,668,215,0.00000000000,P1_C0322
P1_C0323,669,196,0.00000000000,P1_C0323
P1_C0324,670,263,0.00000000000,P1_C0324
P1_C0325,671,72,6578.79862725000,P1_C0325
P1_C0326,672,264,0.00000000000,P1_C0326
P1_C0327,673,260,0.00000000000,P1_C0327
P1_C0328,674,249,0.00000000000,P1_C0328
P1_C0329,675,264,0.00000000000,P1_C0329
P1_C0330,676,272,0.00000000000,P1_C0330
P1_C0331,677,249,0.00000000000,P1_C0331
P1_C0332,678,264,0.00000000000,P1_C0332
P1_C0333,679,284,0.00000000000,P1_C0333
P1_C0334,680,80,11598.72051760000,P1_C0334
P1_C0335,681,79,11561.81479270000,P1_C0335
P1_C0336,682,36,1108.81150615000,P1_C0336
P1_C0337,683,277,0.00000000000,P1_C0337
P1_C0338,684,276,0.00000000000,P1_C0338
P1_C0339,685,43,3761.29675021000,P1_C0339
P1_C0340,686,66,6060.67694611000,P1_C0340
P1_C0341,687,83,0.00000000000,P1_C0341
P1_C0342,688,272,0.00000000000,P1_C0342
P1_C0343,689,249,0.00000000000,P1_C0343
P1_C0344,690,264,0.00000000000,P1_C0344
P2_C0001,1,228,21451.85741060000,P2_C0001
P2_C0002,2,244,23642.12006490000,P2_C0002
P2_C0003,3,254,36722.97181340000,P2_C0003
P2_C0004,4,624,4937.44947255000,P2_C0004
P2_C0005,5,828,2508.31206524000,P2_C0005
P2_C0006,6,277,42206.35685810000,P2_C0006
P2_C0007,7,218,20794.64099000000,P2_C0007
P2_C0008,8,177,30468.12032520000,P2_C0008
P2_C0009,9,599,7856.88298038000,P2_C0009
P2_C0010,10,821,10245.84707330000,P2_C0010
P2_C0011,11,127,22309.15871760000,P2_C0011
P2_C0012,12,561,27587.25824750000,P2_C0012
P2_C0013,13,613,7414.72149665000,P2_C0013
P2_C0014,14,265,41969.33201090000,P2_C0014
P2_C0015,15,230,20937.47814440000,P2_C0015
P2_C0016,16,117,22643.42325670000,P2_C0016
P2_C0017,17,204,19193.36120150000,P2_C0017
P2_C0018,18,634,4402.90752244000,P2_C0018
P2_C0019,19,855,6249.42053614000,P2_C0019
P2_C0020,20,830,3825.92673176000,P2_C0020
P2_C0021,21,140,24971.49869960000,P2_C0021
P2_C0022,22,648,25118.71245250000,P2_C0022
P2_C0023,23,550,28208.29362010000,P2_C0023
P2_C0024,24,342,44537.97322130000,P2_C0024
P2_C0025,25,642,3605.23127930000,P2_C0025
P2_C0026,26,900,7363.53980281000,P2_C0026
P2_C0027,27,231,21466.26284820000,P2_C0027
P2_C0028,28,834,17162.87743950000,P2_C0028
P2_C0029,29,233,25521.17278260000,P2_C0029
P2_C0030,30,248,25024.17155020000,P2_C0030
P2_C0031,31,360,56081.29675820000,P2_C0031
P2_C0032,32,724,19381.16797400000,P2_C0032
P2_C0033,33,163,27968.78500280000,P2_C0033
P2_C0034,34,269,36833.80782960000,P2_C0034
P2_C0035,35,208,34895.60227920000,P2_C0035
P2_C0036,36,843,3402.15185868000,P2_C0036
P2_C0037,37,650,4611.92870642000,P2_C0037
P2_C0038,38,647,9590.97865554000,P2_C0038
P2_C0039,39,365,51742.60890170000,P2_C0039
P2_C0040,40,663,2435.82696579000,P2_C0040
P2_C0041,41,751,19985.60692110000,P2_C0041
P2_C0042,42,810,9936.19611166000,P2_C0042
P2_C0043,43,871,3968.36144369000,P2_C0043
P2_C0044,44,253,33435.53192720000,P2_C0044
P2_C0045,45,219,20745.27895950000,P2_C0045
P2_C0046,46,232,21641.22774140000,P2_C0046
P2_C0047,47,683,2897.56819568000,P2_C0047
P2_C0048,48,186,33551.31088410000,P2_C0048
P2_C0049,49,146,27297.42838830000,P2_C0049
P2_C0050,50,639,7214.38659134000,P2_C0050
P2_C0051,51,302,41634.16446410000,P2_C0051
P2_C0052,52,654,4214.03724551000,P2_C0052
P2_C0053,53,235,21161.32983850000,P2_C0053
P2_C0054,54,609,27033.76319970000,P2_C0054
P2_C0055,55,843,8202.33531910000,P2_C0055
P2_C0056,56,155,33219.22299250000,P2_C0056
P2_C0057,57,128,22573.77066100000,P2_C0057
P2_C0058,58,650,23580.93431830000,P2_C0058
P2_C0059,59,167,34346.98293760000,P2_C0059
P2_C0060,60,881,2577.89223058000,P2_C0060
P2_C0061,61,588,27265.97551620000,P2_C0061
P2_C0062,62,613,7414.72149665000,P2_C0062
P2_C0063,63,661,3141.58260339000,P2_C0063
P2_C0064,64,190,34980.13043780000,P2_C0064
P2_C0065,65,622,27755.61460710000,P2_C0065
P2_C0066,66,299,43396.27566240000,P2_C0066
P2_C0067,67,230,20937.47814440000,P2_C0067
P2_C0068,68,254,25933.28431050000,P2_C0068
P2_C0069,69,235,20957.28309990000,P2_C0069
P2_C0070,70,123,22129.73109090000,P2_C0070
P2_C0071,71,102,20249.78783380000,P2_C0071
P2_C0072,72,206,19920.38963800000,P2_C0072
P2_C0073,73,226,22993.44602580000,P2_C0073
P2_C0074,74,612,4673.02170919000,P2_C0074
P2_C0075,75,794,2867.20924962000,P2_C0075
P2_C0076,76,172,34642.32951960000,P2_C0076
P2_C0077,77,207,20062.07324350000,P2_C0077
P2_C0078,78,770,10836.13068700000,P2_C0078
P2_C0079,79,860,5913.72807664000,P2_C0079
P2_C0080,80,835,2666.59782919000,P2_C0080
P2_C0081,81,162,34765.47560000000,P2_C0081
P2_C0082,82,608,4247.57784053000,P2_C0082
P2_C0083,83,156,27161.97209940000,P2_C0083
P2_C0084,84,866,12348.18198930000,P2_C0084
P2_C0085,85,561,28484.71481360000,P2_C0085
P2_C0086,86,554,27668.27875270000,P2_C0086
P2_C0087,87,699,22747.04282300000,P2_C0087
P2_C0088,88,227,40931.32511050000,P2_C0088
P2_C0089,89,654,26435.23483660000,P2_C0089
P2_C0090,90,603,5123.28700731000,P2_C0090
P2_C0091,91,255,34184.22403640000,P2_C0091
P2_C0092,92,776,9466.32091658000,P2_C0092
P2_C0093,93,253,40079.06607320000,P2_C0093
P2_C0094,94,146,26176.13121720000,P2_C0094
P2_C0095,95,292,44511.69256660000,P2_C0095
P2_C0096,96,909,5860.67267126000,P2_C0096
P2_C0097,97,421,682.80095872800,P2_C0097
P2_C0098,98,539,0.00000000000,P2_C0098
P2_C0099,99,664,808.38076602300,P2_C0099
P2_C0100,100,378,0.00000000000,P2_C0100
P2_C0101,101,438,0.00000000000,P2_C0101
P2_C0102,102,49,16268.59923990000,P2_C0102
P2_C0103,103,110,33005.54958470000,P2_C0103
P2_C0104,104,71,15703.55672720000,P2_C0104
P2_C0105,105,110,33278.63387920000,P2_C0105
P2_C0106,106,112,33017.81051350000,P2_C0106
P2_C0107,107,1297,18448.09491910000,P2_C0107
P2_C0108,108,807,2549.17537157000,P2_C0108
P2_C0109,109,192,34938.74263270000,P2_C0109
P2_C0110,110,636,4733.83073081000,P2_C0110
P2_C0111,111,157,31535.21185790000,P2_C0111
P2_C0112,112,164,31704.23170700000,P2_C0112
P2_C0113,113,186,33633.30276850000,P2_C0113
P2_C0114,114,107,29448.43224280000,P2_C0114
P2_C0115,115,142,29087.73430110000,P2_C0115
P2_C0116,116,146,32810.01787050000,P2_C0116
P2_C0117,117,146,29508.80728010000,P2_C0117
P2_C0118,118,651,1131.02775298000,P2_C0118
P2_C0119,119,196,34950.35139810000,P2_C0119
P2_C0120,120,659,8564.11852545000,P2_C0120
P2_C0121,121,672,3591.64254045000,P2_C0121
P2_C0122,122,601,6333.87038906000,P2_C0122
P2_C0123,123,164,32324.66254230000,P2_C0123
P2_C0124,124,847,2655.61928713000,P2_C0124
P2_C0125,125,808,5932.57493530000,P2_C0125
P2_C0126,126,638,4254.01635719000,P2_C0126
P2_C0127,127,383,35522.82325670000,P2_C0127
P2_C0128,128,91,15198.02718650000,P2_C0128
P2_C0129,129,96,29097.45548660000,P2_C0129
P2_C0130,130,199,38227.63137010000,P2_C0130
P2_C0131,131,200,35502.26521340000,P2_C0131
P2_C0132,132,68,17005.22265150000,P2_C0132
P2_C0133,133,93,15359.02443430000,P2_C0133
P2_C0134,134,554,36903.67198680000,P2_C0134
P2_C0135,135,324,34130.82543480000,P2_C0135
P2_C0136,136,141,19057.17063600000,P2_C0136
P2_C0137,137,219,16050.11459640000,P2_C0137
P2_C0138,138,121,32654.81937180000,P2_C0138
P2_C0139,139,126,35709.83688810000,P2_C0139
P2_C0140,140,140,18489.86966620000,P2_C0140
P2_C0141,141,136,18674.53560510000,P2_C0141
P2_C0142,142,135,17438.12916290000,P2_C0142
P2_C0143,143,237,45862.76188960000,P2_C0143
P2_C0144,144,388,30391.68348830000,P2_C0144
P2_C0145,145,341,32121.82086770000,P2_C0145
P2_C0146,146,659,1009.09609998000,P2_C0146
P2_C0147,147,112,36092.00635060000,P2_C0147
P2_C0148,148,140,18550.78371580000,P2_C0148
P2_C0149,149,138,19034.67548010000,P2_C0149
P2_C0150,150,650,26476.91776610000,P2_C0150
P2_C0151,151,650,26476.91776610000,P2_C0151
P2_C0152,152,1197,1460.36834500000,P2_C0152
P2_C0153,153,209,20070.42245810000,P2_C0153
P2_C0154,154,886,3636.36216338000,P2_C0154
P2_C0155,155,886,3636.36216338000,P2_C0155
P2_C0156,156,864,6573.22272396000,P2_C0156
P2_C0157,157,215,20533.17896550000,P2_C0157
P2_C0158,158,811,4905.28223425000,P2_C0158
P2_C0159,159,215,20533.17896550000,P2_C0159
P2_C0160,160,811,4905.28223425000,P2_C0160
P2_C0161,161,391,0.00000000000,P2_C0161
P2_C0162,162,218,10729.66587010000,P2_C0162
P2_C0163,163,416,544.22895943000,P2_C0163
P2_C0164,164,218,49472.75643050000,P2_C0164
P2_C0165,165,114,15560.57714720000,P2_C0165
P2_C0166,166,114,15560.57714720000,P2_C0166
P2_C0167,167,1262,2849.80938737000,P2_C0167
P2_C0168,168,1282,2956.86024059000,P2_C0168
P2_C0169,169,104,14992.67564160000,P2_C0169
P2_C0170,170,104,14992.67564160000,P2_C0170
P2_C0171,171,220,49499.29558520000,P2_C0171
P2_C0172,172,868,12826.01334400000,P2_C0172
P2_C0173,173,868,12826.01334400000,P2_C0173
P2_C0174,174,94,13828.94379280000,P2_C0174
P2_C0175,175,94,13828.94379280000,P2_C0175
P2_C0176,176,214,49375.86725090000,P2_C0176
P2_C0177,177,855,6925.34201502000,P2_C0177
P2_C0178,178,855,6925.34201502000,P2_C0178
P2_C0179,179,626,4321.61633392000,P2_C0179
P2_C0180,180,611,4061.77280561000,P2_C0180
P2_C0181,181,653,3699.07443585000,P2_C0181
P2_C0182,182,653,3699.07443585000,P2_C0182
P2_C0183,183,217,10544.85332490000,P2_C0183
P2_C0184,184,641,24.46758485500,P2_C0184
P2_C0185,185,599,7580.57485550000,P2_C0185
P2_C0186,186,598,7568.02310342000,P2_C0186
P2_C0187,187,220,49499.29558520000,P2_C0187
P2_C0188,188,861,7243.94879609000,P2_C0188
P2_C0189,189,861,7243.94879609000,P2_C0189
P2_C0190,190,645,5848.93360384000,P2_C0190
P2_C0191,191,645,5848.93360384000,P2_C0191
P2_C0192,192,599,5071.06079027000,P2_C0192
P2_C0193,193,599,5071.06079027000,P2_C0193
P2_C0194,194,1054,1785.16835241000,P2_C0194
P2_C0195,195,1054,1785.16835241000,P2_C0195
P2_C0196,196,795,8197.94191872000,P2_C0196
P2_C0197,197,795,8197.94191872000,P2_C0197
P2_C0198,198,614,6002.59036828000,P2_C0198
P2_C0199,199,613,6014.64592686000,P2_C0199
P2_C0200,200,219,49388.53068660000,P2_C0200
P2_C0201,201,608,6875.09746826000,P2_C0201
P2_C0202,202,610,6876.52734233000,P2_C0202
P2_C0203,203,836,2577.72135951000,P2_C0203
P2_C0204,204,202,19769.47499550000,P2_C0204
P2_C0205,205,836,2577.72135951000,P2_C0205
P2_C0206,206,220,49499.29558520000,P2_C0206
P2_C0207,207,219,49465.74835590000,P2_C0207
P2_C0208,208,1209,1508.93519359000,P2_C0208
P2_C0209,209,668,752.36945391800,P2_C0209
P2_C0210,210,612,27921.06788410000,P2_C0210
P2_C0211,211,612,27921.06788410000,P2_C0211
P2_C0212,212,638,5437.11250716000,P2_C0212
P2_C0213,213,638,5437.11250716000,P2_C0213
P2_C0214,214,837,7305.94891744000,P2_C0214
P2_C0215,215,837,7305.94891744000,P2_C0215
P2_C0216,216,862,7301.81154820000,P2_C0216
P2_C0217,276,1045,1990.11734291000,P2_C0217
P2_C0218,217,619,4042.09494801000,P2_C0218
P2_C0219,277,1065,2496.83808148000,P2_C0219
P2_C0220,278,1065,2496.83808148000,P2_C0220
P2_C0221,318,624,1440.97052474000,P2_C0221
P2_C0222,279,1065,2496.83808148000,P2_C0222
P2_C0223,218,234,37878.53824080000,P2_C0223
P2_C0224,219,234,37878.53824080000,P2_C0224
P2_C0225,280,532,14231.34251380000,P2_C0225
P2_C0226,220,105,14992.40140190000,P2_C0226
P2_C0227,221,105,14992.40140190000,P2_C0227
P2_C0228,281,1084,1562.22384519000,P2_C0228
P2_C0229,282,1084,1562.22384519000,P2_C0229
P2_C0230,283,1084,1562.22384519000,P2_C0230
P2_C0231,222,214,20527.34465540000,P2_C0231
P2_C0232,223,228,37250.87424430000,P2_C0232
P2_C0233,224,228,37250.87424430000,P2_C0233
P2_C0234,284,1045,1990.11734291000,P2_C0234
P2_C0235,285,1045,1990.11734291000,P2_C0235
P2_C0236,286,1045,1990.11734291000,P2_C0236
P2_C0237,225,864,6519.34994736000,P2_C0237
P2_C0238,226,864,6519.34994736000,P2_C0238
P2_C0239,227,862,7301.81154820000,P2_C0239
P2_C0240,287,1294,6010.98204381000,P2_C0240
P2_C0241,288,1294,6010.98204381000,P2_C0241
P2_C0242,319,390,0.00000000000,P2_C0242
P2_C0243,289,1294,6010.98204381000,P2_C0243
P2_C0244,228,608,6792.20898546000,P2_C0244
P2_C0245,290,1282,3818.93215115000,P2_C0245
P2_C0246,291,1282,3818.93215115000,P2_C0246
P2_C0247,292,1282,3818.93215115000,P2_C0247
P2_C0248,229,208,20099.38497650000,P2_C0248
P2_C0249,293,1218,1983.06549705000,P2_C0249
P2_C0250,230,855,6967.45929067000,P2_C0250
P2_C0251,294,1218,1983.06549705000,P2_C0251
P2_C0252,295,1218,1983.06549705000,P2_C0252
P2_C0253,231,855,6967.45929067000,P2_C0253
P2_C0254,232,632,4048.28658881000,P2_C0254
P2_C0255,233,204,19768.20939590000,P2_C0255
P2_C0256,296,1323,11548.15612400000,P2_C0256
P2_C0257,297,1323,11548.15612400000,P2_C0257
P2_C0258,298,1323,11548.15612400000,P2_C0258
P2_C0259,320,441,693.68477192200,P2_C0259
P2_C0260,299,1303,6574.43686953000,P2_C0260
P2_C0261,300,1303,6574.43686953000,P2_C0261
P2_C0262,301,1303,6574.43686953000,P2_C0262
P2_C0263,321,666,570.05304249700,P2_C0263
P2_C0264,234,86,13787.74532410000,P2_C0264
P2_C0265,235,86,13787.74532410000,P2_C0265
P2_C0266,236,1210,1688.38333348000,P2_C0266
P2_C0267,237,1210,1688.38333348000,P2_C0267
P2_C0268,302,1196,1101.14726093000,P2_C0268
P2_C0269,303,1196,1101.14726093000,P2_C0269
P2_C0270,304,1196,1101.14726093000,P2_C0270
P2_C0271,238,112,15538.67549140000,P2_C0271
P2_C0272,305,1196,1101.14726093000,P2_C0272
P2_C0273,239,112,15538.67549140000,P2_C0273
P2_C0274,306,1188,488.67929830000,P2_C0274
P2_C0275,307,1188,488.67929830000,P2_C0275
P2_C0276,240,1266,2938.61355675000,P2_C0276
P2_C0277,308,1188,488.67929830000,P2_C0277
P2_C0278,241,1266,2938.61355675000,P2_C0278
P2_C0279,242,626,4387.75462806000,P2_C0279
P2_C0280,243,1071,1655.93995391000,P2_C0280
P2_C0281,309,1166,1041.88779422000,P2_C0281
P2_C0282,244,1071,1655.93995391000,P2_C0282
P2_C0283,310,1107,1314.36538382000,P2_C0283
P2_C0284,311,1107,1314.36538382000,P2_C0284
P2_C0285,312,1107,1314.36538382000,P2_C0285
P2_C0286,313,1107,1314.36538382000,P2_C0286
P2_C0287,245,602,7577.36162606000,P2_C0287
P2_C0288,314,1166,1041.88779422000,P2_C0288
P2_C0289,315,1166,1041.88779422000,P2_C0289
P2_C0290,246,614,6023.33266448000,P2_C0290
P2_C0291,316,1146,1442.79149976000,P2_C0291
P2_C0292,247,649,1175.85014740000,P2_C0292
P2_C0293,248,649,1175.85014740000,P2_C0293
P2_C0294,249,79,13782.09262830000,P2_C0294
P2_C0295,250,605,6841.37052220000,P2_C0295
P2_C0296,251,615,6005.69714967000,P2_C0296
P2_C0297,252,600,7571.16220408000,P2_C0297
P2_C0298,253,100,14972.00328570000,P2_C0298
P2_C0299,254,858,6975.66635032000,P2_C0299
P2_C0300,255,862,6548.18644144000,P2_C0300
P2_C0301,256,632,4048.28658881000,P2_C0301
P2_C0302,257,635,2751.17858760000,P2_C0302
P2_C0303,258,635,2751.17858760000,P2_C0303
P2_C0304,259,391,0.00000000000,P2_C0304
P2_C0305,260,391,0.00000000000,P2_C0305
P2_C0306,261,110,15530.03867810000,P2_C0306
P2_C0307,262,860,7329.08392801000,P2_C0307
P2_C0308,263,531,166.73779733100,P2_C0308
P2_C0309,264,531,166.73779733100,P2_C0309
P2_C0310,265,626,4387.75462806000,P2_C0310
P2_C0311,266,619,4042.09494801000,P2_C0311
P2_C0312,267,1036,1799.30094172000,P2_C0312
P2_C0313,268,1036,1799.30094172000,P2_C0313
P2_C0314,269,1036,1799.30094172000,P2_C0314
P2_C0315,270,1273,2954.32625413000,P2_C0315
P2_C0316,271,1273,2954.32625413000,P2_C0316
P2_C0317,272,1273,2954.32625413000,P2_C0317
P2_C0318,273,1229,1537.97657515000,P2_C0318
P2_C0319,274,1229,1537.97657515000,P2_C0319
P2_C0320,275,1229,1537.97657515000,P2_C0320
P2_C0321,317,1166,1041.88779422000,P2_C0321
P2_C0321,322,600,7571.16220408000,P2_C0321
P2_C0322,323,615,6005.69714967000,P2_C0322
P2_C0323,324,605,6841.37052220000,P2_C0323
P2_C0324,325,1118,3076.02807418000,P2_C0324
P2_C0325,326,225,37604.77162110000,P2_C0325
P2_C0326,327,1039,1799.89488099000,P2_C0326
P2_C0327,328,1283,3006.05209184000,P2_C0327
P2_C0328,329,1091,1700.61572553000,P2_C0328
P2_C0329,330,1139,1294.94043746000,P2_C0329
P2_C0330,331,1272,2736.23830938000,P2_C0330
P2_C0331,332,1091,1700.61572553000,P2_C0331
P2_C0332,333,1139,1294.94043746000,P2_C0332
P2_C0333,334,861,6975.74614880000,P2_C0333
P2_C0334,335,157,48220.48294220000,P2_C0334
P2_C0335,336,159,50231.90641180000,P2_C0335
P2_C0336,337,79,13782.09262830000,P2_C0336
P2_C0337,338,860,7329.08392801000,P2_C0337
P2_C0338,339,862,6548.18644144000,P2_C0338
P2_C0339,340,203,12771.50763910000,P2_C0339
P2_C0340,341,312,19580.40385770000,P2_C0340
P2_C0341,342,808,2843.02632044000,P2_C0341
P2_C0342,343,1272,2736.23830938000,P2_C0342
P2_C0343,344,1091,1700.61572553000,P2_C0343
P2_C0344,345,1139,1294.94043746000,P2_C0344
