"","Buffer_cam","Cam_SD","road_density_m_per_km2"
"1","EF1_C0003","C004_SD026",1970.51360327775
"2","EF1_C0005","C008_SD023",0
"3","EF1_C0006","C009_SD025",804.381338153619
"4","EF1_C0013","C021_SD021",0
"5","EF1_C0017","C025_SD009",0
"6","EF1_C0019","C028_SD015",0
"7","EF1_C0022","C031_SD006",0
"8","EF1_C0028","C002_SD042",0
"9","EF1_C0035","C005_SD034",1120.34906406659
"10","EF1_C0036","C006_SD005",0
"11","EF1_C0038","C006_SD041",0
"12","EF1_C0039","C006_SD042",1084.32770773486
"13","EF1_C0042","C008_SD011",0
"14","EF1_C0043","C008_SD021",0
"15","EF1_C0054","C015_SD016",0
"16","EF1_C0055","C015_SD035",0
"17","EF1_C0062","C021_SD001",0
"18","EF1_C0065","C022_SD022",0
"19","EF1_C0072","C025_SD006",0
"20","EF1_C0079","C028_SD038",0
"21","EF1_C0080","C029_SD012",0
"22","EF1_C0089","C032_SD039",0
"23","EF1_C0090","C033_SD023",0
"24","EF1_C0092","C033_SD038",0
"25","EF1_C0093","C034_SD021",1732.49663770509
"26","EF1_C0103","C022_SD058",1524.60795689842
"27","EF1_C0105","C023_SD017",1679.82857105649
"28","EF1_C0107","C027_SD025",0
"29","EF1_C0109","C028_SD018",1569.65807077897
"30","EF1_C0111","C031_SD059",1224.5050090442
"31","EF1_C0112","C031_SD095",4258.99508637843
"32","EF1_C0116","C034_SD063",54.6419488950756
"33","EF1_C0117","C034_SD096",2034.19760687097
"34","EF1_C0123","C041_SD021",1862.40392267013
"35","EF1_C0124","C041_SD065",0
"36","EF1_C0126","C042_SD078",0
"37","EF1_C0127","C043_SD022",871.838704916803
"38","EF1_C0128","C043_SD082",2299.96710422242
"39","EF1_C0129","C044_SD004",1540.80262062162
"40","EF1_C0131","C045_SD086",3329.17331631559
"41","EF1_C0133","C046_SD093",1803.60426913503
"42","EF1_C0134","C047_SD076",1368.09619844464
"43","EF1_C0136","C048_SD064",2233.25260379526
"44","EF1_C0137","C048_SD071",2160.91909900798
"45","EF1_C0138","C049_SD026",3076.87815677067
"46","EF1_C0139","C049_SD084",2271.04228454868
"47","EF1_C0140","C050_SD061",1854.84497261256
"48","EF1_C0141","C050_SD083",1007.96739251943
"49","EF1_C0143","C051_SD024",1993.10432238728
"50","EF1_C0148","C054_SD008",3666.97415381682
"51","EF1_C0149","C054_SD077",1666.22693347575
"52","EF1_C0150","C021_SD018",0
"53","EF1_C0151","C021_SD075",0
"54","EF1_C0156","C024_SD002",0
"55","EF1_C0177","C038_SD017",0
"56","EF1_C0178","C038_SD095",0
"57","EF1_C0185","C043_SD061",0
"58","EF1_C0186","C043_SD093",0
"59","EF1_C0188","C045_SD071",0
"60","EF1_C0189","C045_SD077",0
"61","EF1_C0190","C046_SD017",0
"62","EF1_C0191","C046_SD072",0
"63","EF1_C0192","C047_SD074",0
"64","EF1_C0193","C047_SD086",0
"65","EF1_C0194","C048_SD007",0
"66","EF1_C0195","C048_SD024",0
"67","EF1_C0196","C049_SD041",0
"68","EF1_C0197","C049_SD060",0
"69","EF1_C0201","C051_SD032",0
"70","EF1_C0202","C051_SD086",0
"71","EF1_C0203","C052_SD005",0
"72","EF1_C0204","C052_SD009",0
"73","EF1_C0205","C052_SD063",0
"74","EF1_C0216","C023_SD162",0
"75","EF1_C0217","C025_SD032",0
"76","EF1_C0219","C028_SD004",0
"77","EF1_C0220","C028_SD009",0
"78","EF1_C0222","C028_SD085",0
"79","EF1_C0223","C031_SD063",387.215896600119
"80","EF1_C0224","C031_SD069",387.215896600119
"81","EF1_C0228","C032_SD034",0
"82","EF1_C0229","C032_SD071",0
"83","EF1_C0230","C032_SD093",0
"84","EF1_C0232","C034_SD008",2019.44739723897
"85","EF1_C0233","C034_SD101",2019.44739723897
"86","EF1_C0234","C035_SD005",0
"87","EF1_C0235","C035_SD016",0
"88","EF1_C0236","C035_SD084",0
"89","EF1_C0237","C036_SD004",0
"90","EF1_C0238","C036_SD032",0
"91","EF1_C0239","C037_SD065",0
"92","EF1_C0244","C039_SD00A",0
"93","EF1_C0250","C041_SD038",0
"94","EF1_C0253","C041_SD087",0
"95","EF1_C0255","C046_SD076",0
"96","EF1_C0280","C054_SD058",0
"97","EF1_C0282","C054_SD091",0
"98","EF1_C0283","C056_SD001",0
"99","EF1_C0284","C056_SD018",0
"100","EF1_C0285","C056_SD070",0
"101","EF1_C0286","C056_SD095",0
"102","EF1_C0287","C056_SD161",0
"103","EF1_C0295","C032_SD065",0
"104","EF1_C0297","C036_SD064",0
"105","EF1_C0299","C039_SD083",0
"106","EF1_C0300","C041_SD025",0
"107","EF1_C0307","C051_SD005",0
"108","EF1_C0312","C059_SD005",0
"109","EF1_C0313","C059_SD089",0
"110","EF1_C0314","C059_SD095",0
"111","EF1_C0321","C036_SD034",0
"112","EF1_C0321","C057_SD066",0
"113","EF1_C0323","C031_SD032",0
"114","EF1_C0324","C036_SD018",0
"115","EF1_C0325","C066_SD095",2277.59466289117
"116","EF1_C0326","C064_SD006",0
"117","EF1_C0328","C048_SD064",0
"118","EF1_C0331","C048_SD035",0
"119","EF1_C0333","C039_SD062",0
"120","EF1_C0334","C050_SD087",2037.31956121917
"121","EF1_C0335","C038_SD001",2940.69844853707
"122","EF1_C0337","C051_SD162",0
"123","EF1_C0338","C041_SD070",0
"124","EF1_C0339","C056_SD041",1924.41917957625
"125","EF1_C0340","C060_SD089",1444.76114222918
"126","EF1_C0343","C048_SD083",0
"127","EF2_C0003","C004_SD026",1845.44288009754
"128","EF2_C0005","C008_SD023",0
"129","EF2_C0006","C009_SD025",1073.38650266817
"130","EF2_C0013","C021_SD021",0
"131","EF2_C0017","C025_SD009",0
"132","EF2_C0019","C028_SD015",0
"133","EF2_C0022","C031_SD006",0
"134","EF2_C0028","C002_SD042",0
"135","EF2_C0035","C005_SD034",1281.57485741104
"136","EF2_C0036","C006_SD005",0
"137","EF2_C0038","C006_SD041",0
"138","EF2_C0039","C006_SD042",1235.07521071304
"139","EF2_C0042","C008_SD011",0
"140","EF2_C0043","C008_SD021",0
"141","EF2_C0044","C009_SD034",775.409357471704
"142","EF2_C0054","C015_SD016",0
"143","EF2_C0055","C015_SD035",0
"144","EF2_C0062","C021_SD001",0
"145","EF2_C0065","C022_SD022",0
"146","EF2_C0072","C025_SD006",0
"147","EF2_C0079","C028_SD038",0
"148","EF2_C0080","C029_SD012",0
"149","EF2_C0085","C031_SD015",0
"150","EF2_C0089","C032_SD039",0
"151","EF2_C0090","C033_SD023",0
"152","EF2_C0092","C033_SD038",0
"153","EF2_C0093","C034_SD021",1666.77212605467
"154","EF2_C0103","C022_SD058",1451.53182505962
"155","EF2_C0105","C023_SD017",1602.73590148242
"156","EF2_C0107","C027_SD025",0
"157","EF2_C0109","C028_SD018",1763.08111543257
"158","EF2_C0111","C031_SD059",1341.07402289858
"159","EF2_C0112","C031_SD095",3822.84480420046
"160","EF2_C0116","C034_SD063",157.031169136308
"161","EF2_C0117","C034_SD096",1900.47424484888
"162","EF2_C0123","C041_SD021",1737.15172202698
"163","EF2_C0124","C041_SD065",0
"164","EF2_C0126","C042_SD078",0
"165","EF2_C0127","C043_SD022",1171.89044097331
"166","EF2_C0128","C043_SD082",2100.65865452161
"167","EF2_C0129","C044_SD004",1597.58277657089
"168","EF2_C0131","C045_SD086",3343.79556845557
"169","EF2_C0133","C046_SD093",1714.40631749142
"170","EF2_C0134","C047_SD076",1417.73821154896
"171","EF2_C0136","C048_SD064",2930.53232960016
"172","EF2_C0137","C048_SD071",1987.82555804827
"173","EF2_C0138","C049_SD026",2988.9470217332
"174","EF2_C0139","C049_SD084",2296.47854358976
"175","EF2_C0140","C050_SD061",1739.08642225014
"176","EF2_C0141","C050_SD083",1151.35034615994
"177","EF2_C0142","C051_SD007",712.926813715205
"178","EF2_C0143","C051_SD024",1857.69261410112
"179","EF2_C0148","C054_SD008",3355.02488275763
"180","EF2_C0149","C054_SD077",1646.47889542823
"181","EF2_C0150","C021_SD018",0
"182","EF2_C0151","C021_SD075",0
"183","EF2_C0156","C024_SD002",0
"184","EF2_C0172","C036_SD036",0
"185","EF2_C0173","C036_SD062",0
"186","EF2_C0177","C038_SD017",0
"187","EF2_C0178","C038_SD095",0
"188","EF2_C0185","C043_SD061",0
"189","EF2_C0186","C043_SD093",0
"190","EF2_C0188","C045_SD071",0
"191","EF2_C0189","C045_SD077",0
"192","EF2_C0190","C046_SD017",0
"193","EF2_C0191","C046_SD072",0
"194","EF2_C0192","C047_SD074",0
"195","EF2_C0193","C047_SD086",0
"196","EF2_C0194","C048_SD007",0
"197","EF2_C0195","C048_SD024",0
"198","EF2_C0196","C049_SD041",0
"199","EF2_C0197","C049_SD060",0
"200","EF2_C0201","C051_SD032",0
"201","EF2_C0202","C051_SD086",0
"202","EF2_C0203","C052_SD005",0
"203","EF2_C0204","C052_SD009",0
"204","EF2_C0205","C052_SD063",0
"205","EF2_C0210","C055_SD008",0
"206","EF2_C0211","C055_SD011",0
"207","EF2_C0216","C023_SD162",0
"208","EF2_C0217","C025_SD032",0
"209","EF2_C0219","C028_SD004",0
"210","EF2_C0220","C028_SD009",0
"211","EF2_C0222","C028_SD085",0
"212","EF2_C0223","C031_SD063",460.362398129354
"213","EF2_C0224","C031_SD069",460.362398129354
"214","EF2_C0225","C032_SD011",553.126110895649
"215","EF2_C0228","C032_SD034",0
"216","EF2_C0229","C032_SD071",0
"217","EF2_C0230","C032_SD093",0
"218","EF2_C0232","C034_SD008",2158.4112265736
"219","EF2_C0233","C034_SD101",2158.4112265736
"220","EF2_C0234","C035_SD005",0
"221","EF2_C0235","C035_SD016",0
"222","EF2_C0236","C035_SD084",0
"223","EF2_C0237","C036_SD004",0
"224","EF2_C0238","C036_SD032",0
"225","EF2_C0239","C037_SD065",0
"226","EF2_C0244","C039_SD00A",0
"227","EF2_C0250","C041_SD038",0
"228","EF2_C0253","C041_SD087",0
"229","EF2_C0255","C046_SD076",0
"230","EF2_C0280","C054_SD058",0
"231","EF2_C0282","C054_SD091",0
"232","EF2_C0283","C056_SD001",0
"233","EF2_C0284","C056_SD018",0
"234","EF2_C0285","C056_SD070",0
"235","EF2_C0286","C056_SD095",0
"236","EF2_C0287","C056_SD161",0
"237","EF2_C0295","C032_SD065",0
"238","EF2_C0297","C036_SD064",0
"239","EF2_C0299","C039_SD083",0
"240","EF2_C0300","C041_SD025",0
"241","EF2_C0307","C051_SD005",0
"242","EF2_C0312","C059_SD005",0
"243","EF2_C0313","C059_SD089",0
"244","EF2_C0314","C059_SD095",0
"245","EF2_C0321","C057_SD066",0
"246","EF2_C0321","C036_SD034",0
"247","EF2_C0323","C031_SD032",0
"248","EF2_C0324","C036_SD018",0
"249","EF2_C0325","C066_SD095",2446.32822061133
"250","EF2_C0326","C064_SD006",0
"251","EF2_C0328","C048_SD064",0
"252","EF2_C0331","C048_SD035",0
"253","EF2_C0333","C039_SD062",0
"254","EF2_C0334","C050_SD087",2009.40605363358
"255","EF2_C0335","C038_SD001",2730.62905486537
"256","EF2_C0337","C051_SD162",0
"257","EF2_C0338","C041_SD070",0
"258","EF2_C0339","C056_SD041",1811.29012932477
"259","EF2_C0340","C060_SD089",1439.0155523171
"260","EF2_C0343","C048_SD083",0
"261","EM1_C0003","C004_SD026",2342.09211099457
"262","EM1_C0005","C008_SD023",0
"263","EM1_C0006","C009_SD025",1134.7313300148
"264","EM1_C0010","C015_SD014",0
"265","EM1_C0013","C021_SD021",0
"266","EM1_C0017","C025_SD009",0
"267","EM1_C0018","C027_SD008",0
"268","EM1_C0019","C028_SD015",0
"269","EM1_C0020","C029_SD019",0
"270","EM1_C0022","C031_SD006",0
"271","EM1_C0028","C002_SD042",0
"272","EM1_C0029","C003_SD005",218.960339584564
"273","EM1_C0034","C004_SD036",939.187558050198
"274","EM1_C0035","C005_SD034",1201.21819671607
"275","EM1_C0036","C006_SD005",0
"276","EM1_C0037","C006_SD009",0
"277","EM1_C0038","C006_SD041",0
"278","EM1_C0039","C006_SD042",1175.59860346019
"279","EM1_C0042","C008_SD011",0
"280","EM1_C0043","C008_SD021",0
"281","EM1_C0044","C009_SD034",1091.98508582534
"282","EM1_C0045","C010_SD001",0
"283","EM1_C0050","C014_SD005",0
"284","EM1_C0052","C014_SD025",0
"285","EM1_C0054","C015_SD016",0
"286","EM1_C0055","C015_SD035",0
"287","EM1_C0058","C017_SD026",0
"288","EM1_C0060","C018_SD018",0
"289","EM1_C0061","C018_SD040",0
"290","EM1_C0062","C021_SD001",0
"291","EM1_C0065","C022_SD022",0
"292","EM1_C0066","C022_SD031",295.998116307531
"293","EM1_C0072","C025_SD006",0
"294","EM1_C0077","C028_SD001",0
"295","EM1_C0078","C028_SD008",0
"296","EM1_C0079","C028_SD038",0
"297","EM1_C0080","C029_SD012",0
"298","EM1_C0084","C031_SD003",0
"299","EM1_C0085","C031_SD015",0
"300","EM1_C0088","C032_SD026",1276.93259466354
"301","EM1_C0089","C032_SD039",0
"302","EM1_C0090","C033_SD023",0
"303","EM1_C0091","C033_SD032",507.357644329473
"304","EM1_C0092","C033_SD038",0
"305","EM1_C0093","C034_SD021",1538.66586442832
"306","EM1_C0103","C022_SD058",1138.45869447156
"307","EM1_C0105","C023_SD017",1253.34439259247
"308","EM1_C0106","C023_SD080",897.448655624857
"309","EM1_C0107","C027_SD025",0
"310","EM1_C0109","C028_SD018",1704.35936231726
"311","EM1_C0111","C031_SD059",1190.28649001059
"312","EM1_C0112","C031_SD095",2448.78140457528
"313","EM1_C0115","C033_SD079",713.080218766954
"314","EM1_C0116","C034_SD063",392.01816169598
"315","EM1_C0117","C034_SD096",1395.54594158061
"316","EM1_C0122","C039_SD062",0
"317","EM1_C0123","C041_SD021",1939.15991906644
"318","EM1_C0124","C041_SD065",0
"319","EM1_C0125","C042_SD014",0
"320","EM1_C0126","C042_SD078",0
"321","EM1_C0127","C043_SD022",1203.21381246196
"322","EM1_C0128","C043_SD082",1422.3531834459
"323","EM1_C0129","C044_SD004",1325.34529081618
"324","EM1_C0130","C045_SD005",930.166511039178
"325","EM1_C0131","C045_SD086",2581.6389687672
"326","EM1_C0133","C046_SD093",1786.99799825934
"327","EM1_C0134","C047_SD076",1216.21688487551
"328","EM1_C0136","C048_SD064",2880.87656705349
"329","EM1_C0137","C048_SD071",1393.33222213014
"330","EM1_C0138","C049_SD026",3124.14399461644
"331","EM1_C0139","C049_SD084",1960.00922529859
"332","EM1_C0140","C050_SD061",1324.22636284114
"333","EM1_C0141","C050_SD083",1152.76981826735
"334","EM1_C0142","C051_SD007",1821.74811658243
"335","EM1_C0143","C051_SD024",1331.14828541711
"336","EM1_C0147","C053_SD060",693.592366594055
"337","EM1_C0148","C054_SD008",2250.71946506723
"338","EM1_C0149","C054_SD077",1342.36537605566
"339","EM1_C0150","C021_SD018",0
"340","EM1_C0151","C021_SD075",0
"341","EM1_C0153","C023_SD018",0
"342","EM1_C0156","C024_SD002",0
"343","EM1_C0164","C032_SD008",492.204115241115
"344","EM1_C0165","C032_SD009",0
"345","EM1_C0166","C032_SD00A",0
"346","EM1_C0171","C035_SD064",502.186454221501
"347","EM1_C0172","C036_SD036",0
"348","EM1_C0173","C036_SD062",0
"349","EM1_C0176","C037_SD078",291.231110222695
"350","EM1_C0177","C038_SD017",0
"351","EM1_C0178","C038_SD095",0
"352","EM1_C0185","C043_SD061",0
"353","EM1_C0186","C043_SD093",0
"354","EM1_C0187","C045_SD060",502.186454221501
"355","EM1_C0188","C045_SD071",0
"356","EM1_C0189","C045_SD077",0
"357","EM1_C0190","C046_SD017",0
"358","EM1_C0191","C046_SD072",0
"359","EM1_C0192","C047_SD074",0
"360","EM1_C0193","C047_SD086",0
"361","EM1_C0194","C048_SD007",0
"362","EM1_C0195","C048_SD024",0
"363","EM1_C0196","C049_SD041",0
"364","EM1_C0197","C049_SD060",0
"365","EM1_C0198","C050_SD062",0
"366","EM1_C0199","C050_SD064",0
"367","EM1_C0200","C051_SD004",311.154030729685
"368","EM1_C0201","C051_SD032",0
"369","EM1_C0202","C051_SD086",0
"370","EM1_C0203","C052_SD005",0
"371","EM1_C0204","C052_SD009",0
"372","EM1_C0205","C052_SD063",0
"373","EM1_C0206","C052_SD068",502.186454221501
"374","EM1_C0207","C053_SD059",483.395049580539
"375","EM1_C0210","C055_SD008",0
"376","EM1_C0211","C055_SD011",0
"377","EM1_C0214","C057_SD006",0
"378","EM1_C0215","C057_SD021",0
"379","EM1_C0216","C023_SD162",0
"380","EM1_C0217","C025_SD032",0
"381","EM1_C0219","C028_SD004",0
"382","EM1_C0220","C028_SD009",0
"383","EM1_C0222","C028_SD085",0
"384","EM1_C0223","C031_SD063",2250.73641943337
"385","EM1_C0224","C031_SD069",2250.73641943337
"386","EM1_C0225","C032_SD011",937.729355407323
"387","EM1_C0228","C032_SD034",0
"388","EM1_C0229","C032_SD071",0
"389","EM1_C0230","C032_SD093",0
"390","EM1_C0232","C034_SD008",2262.74322232518
"391","EM1_C0233","C034_SD101",2262.74322232518
"392","EM1_C0234","C035_SD005",0
"393","EM1_C0235","C035_SD016",0
"394","EM1_C0236","C035_SD084",0
"395","EM1_C0237","C036_SD004",0
"396","EM1_C0238","C036_SD032",0
"397","EM1_C0239","C037_SD065",0
"398","EM1_C0244","C039_SD00A",0
"399","EM1_C0248","C040_SD096",0
"400","EM1_C0250","C041_SD038",0
"401","EM1_C0253","C041_SD087",0
"402","EM1_C0255","C046_SD076",0
"403","EM1_C0271","C051_SD069",0
"404","EM1_C0273","C051_SD089",0
"405","EM1_C0280","C054_SD058",0
"406","EM1_C0281","C054_SD066",0
"407","EM1_C0282","C054_SD091",0
"408","EM1_C0283","C056_SD001",0
"409","EM1_C0284","C056_SD018",0
"410","EM1_C0285","C056_SD070",0
"411","EM1_C0286","C056_SD095",0
"412","EM1_C0287","C056_SD161",0
"413","EM1_C0288","C057_SD008",0
"414","EM1_C0289","C057_SD012",0
"415","EM1_C0290","C057_SD013",0
"416","EM1_C0291","C057_SD104",0
"417","EM1_C0295","C032_SD065",0
"418","EM1_C0296","C035_SD077",0
"419","EM1_C0297","C036_SD064",0
"420","EM1_C0299","C039_SD083",0
"421","EM1_C0300","C041_SD025",0
"422","EM1_C0306","C050_SD011",0
"423","EM1_C0307","C051_SD005",0
"424","EM1_C0312","C059_SD005",0
"425","EM1_C0313","C059_SD089",0
"426","EM1_C0314","C059_SD095",0
"427","EM1_C0321","C036_SD034",0
"428","EM1_C0321","C036_SD034",0
"429","EM1_C0321","C057_SD066",0
"430","EM1_C0321","C057_SD066",0
"431","EM1_C0322","C035_SD161",0
"432","EM1_C0323","C031_SD032",0
"433","EM1_C0324","C036_SD018",0
"434","EM1_C0325","C066_SD095",2758.38483447093
"435","EM1_C0326","C064_SD006",0
"436","EM1_C0328","C048_SD064",0
"437","EM1_C0329","C047_SD011",0
"438","EM1_C0331","C048_SD035",0
"439","EM1_C0332","C047_SD040",0
"440","EM1_C0333","C039_SD062",0
"441","EM1_C0334","C050_SD087",1656.05740469106
"442","EM1_C0335","C038_SD001",1949.27927883745
"443","EM1_C0337","C051_SD162",0
"444","EM1_C0338","C041_SD070",0
"445","EM1_C0339","C056_SD041",1320.93149806955
"446","EM1_C0340","C060_SD089",1176.89543703622
"447","EM1_C0343","C048_SD083",0
"448","EM1_C0344","C047_SD060",0
"449","EM2_C0003","C004_SD026",1806.46387294784
"450","EM2_C0004","C006_SD002",0
"451","EM2_C0005","C008_SD023",0
"452","EM2_C0006","C009_SD025",846.362331103887
"453","EM2_C0009","C014_SD022",0
"454","EM2_C0010","C015_SD014",0
"455","EM2_C0012","C018_SD016",0
"456","EM2_C0013","C021_SD021",0
"457","EM2_C0016","C024_SD004",117.264299957413
"458","EM2_C0017","C025_SD009",0
"459","EM2_C0018","C027_SD008",0
"460","EM2_C0019","C028_SD015",0
"461","EM2_C0020","C029_SD019",0
"462","EM2_C0022","C031_SD006",0
"463","EM2_C0023","C032_SD017",0
"464","EM2_C0024","C033_SD001",621.136635546025
"465","EM2_C0028","C002_SD042",0
"466","EM2_C0029","C003_SD005",467.767478078469
"467","EM2_C0031","C003_SD039",753.347160424399
"468","EM2_C0032","C004_SD011",140.481999087697
"469","EM2_C0034","C004_SD036",950.89442424956
"470","EM2_C0035","C005_SD034",872.986556484329
"471","EM2_C0036","C006_SD005",0
"472","EM2_C0037","C006_SD009",0
"473","EM2_C0038","C006_SD041",0
"474","EM2_C0039","C006_SD042",860.971093675984
"475","EM2_C0041","C007_SD042",0
"476","EM2_C0042","C008_SD011",0
"477","EM2_C0043","C008_SD021",0
"478","EM2_C0044","C009_SD034",1325.51276373842
"479","EM2_C0045","C010_SD001",0
"480","EM2_C0049","C011_SD031",497.656044707241
"481","EM2_C0050","C014_SD005",0
"482","EM2_C0051","C014_SD017",859.136833125178
"483","EM2_C0052","C014_SD025",0
"484","EM2_C0054","C015_SD016",0
"485","EM2_C0055","C015_SD035",0
"486","EM2_C0056","C017_SD007",784.221473070037
"487","EM2_C0058","C017_SD026",0
"488","EM2_C0060","C018_SD018",0
"489","EM2_C0061","C018_SD040",5.09246297270557
"490","EM2_C0062","C021_SD001",0
"491","EM2_C0065","C022_SD022",13.3401337165413
"492","EM2_C0066","C022_SD031",698.652470644573
"493","EM2_C0070","C024_SD018",51.5176472160738
"494","EM2_C0072","C025_SD006",0
"495","EM2_C0073","C025_SD038",0
"496","EM2_C0077","C028_SD001",0
"497","EM2_C0078","C028_SD008",0
"498","EM2_C0079","C028_SD038",0
"499","EM2_C0080","C029_SD012",0
"500","EM2_C0081","C030_SD006",62.4392653626243
"501","EM2_C0084","C031_SD003",0
"502","EM2_C0085","C031_SD015",0
"503","EM2_C0086","C031_SD041",0
"504","EM2_C0087","C032_SD013",0
"505","EM2_C0088","C032_SD026",1091.2855079537
"506","EM2_C0089","C032_SD039",0
"507","EM2_C0090","C033_SD023",0
"508","EM2_C0091","C033_SD032",1067.32171230346
"509","EM2_C0092","C033_SD038",0
"510","EM2_C0093","C034_SD021",1590.19203863763
"511","EM2_C0097","C039_SD0162",0
"512","EM2_C0100","C042_SD0163",0
"513","EM2_C0102","C021_SD074",552.209093336153
"514","EM2_C0103","C022_SD058",1813.19595188656
"515","EM2_C0105","C023_SD017",920.863130739313
"516","EM2_C0106","C023_SD080",1078.17225274527
"517","EM2_C0107","C027_SD025",0
"518","EM2_C0108","C027_SD070",0
"519","EM2_C0109","C028_SD018",1254.25219331661
"520","EM2_C0110","C028_SD066",0
"521","EM2_C0111","C031_SD059",851.39384044397
"522","EM2_C0112","C031_SD095",2142.90807602066
"523","EM2_C0113","C032_SD068",931.617025334305
"524","EM2_C0114","C033_SD020",1124.24878727046
"525","EM2_C0115","C033_SD079",789.227391870151
"526","EM2_C0116","C034_SD063",742.443456163143
"527","EM2_C0117","C034_SD096",1208.20126161098
"528","EM2_C0119","C036_SD002",275.189711736268
"529","EM2_C0120","C037_SD006",0
"530","EM2_C0121","C037_SD072",0
"531","EM2_C0122","C039_SD062",0
"532","EM2_C0123","C041_SD021",2535.55273462953
"533","EM2_C0124","C041_SD065",0
"534","EM2_C0125","C042_SD014",0
"535","EM2_C0126","C042_SD078",0
"536","EM2_C0127","C043_SD022",977.767012878464
"537","EM2_C0128","C043_SD082",948.373019597538
"538","EM2_C0129","C044_SD004",977.543315074635
"539","EM2_C0130","C045_SD005",1307.36902353521
"540","EM2_C0131","C045_SD086",1878.3138918596
"541","EM2_C0133","C046_SD093",1126.03046870867
"542","EM2_C0134","C047_SD076",873.18960859405
"543","EM2_C0136","C048_SD064",2217.1538666727
"544","EM2_C0137","C048_SD071",927.762732864376
"545","EM2_C0138","C049_SD026",2414.09917886469
"546","EM2_C0139","C049_SD084",1987.79410697618
"547","EM2_C0140","C050_SD061",1278.1944431099
"548","EM2_C0141","C050_SD083",1197.96339643249
"549","EM2_C0142","C051_SD007",1357.32825440835
"550","EM2_C0143","C051_SD024",904.308218772514
"551","EM2_C0144","C052_SD057",250.867854590149
"552","EM2_C0145","C052_SD069",776.348034060104
"553","EM2_C0147","C053_SD060",1058.32524315485
"554","EM2_C0148","C054_SD008",1569.72555144094
"555","EM2_C0149","C054_SD077",1259.09776798724
"556","EM2_C0150","C021_SD018",0
"557","EM2_C0151","C021_SD075",0
"558","EM2_C0152","C022_SD004",0
"559","EM2_C0153","C023_SD018",0
"560","EM2_C0154","C023_SD069",0
"561","EM2_C0155","C023_SD084",0
"562","EM2_C0156","C024_SD002",0
"563","EM2_C0157","C027_SD006",0
"564","EM2_C0158","C027_SD034",0
"565","EM2_C0159","C027_SD069",0
"566","EM2_C0160","C027_SD071",0
"567","EM2_C0161","C028_SD001",0
"568","EM2_C0162","C028_SD006",356.807206058957
"569","EM2_C0163","C031_SD022",0
"570","EM2_C0164","C032_SD008",1112.05089191405
"571","EM2_C0165","C032_SD009",6.66724655192181
"572","EM2_C0166","C032_SD00A",6.66724655192181
"573","EM2_C0167","C034_SD025",0
"574","EM2_C0168","C034_SD070",0
"575","EM2_C0169","C035_SD014",0
"576","EM2_C0170","C035_SD019",0
"577","EM2_C0171","C035_SD064",1145.12543042269
"578","EM2_C0172","C036_SD036",0
"579","EM2_C0173","C036_SD062",0
"580","EM2_C0174","C037_SD007",0
"581","EM2_C0175","C037_SD036",0
"582","EM2_C0176","C037_SD078",1074.30578822758
"583","EM2_C0177","C038_SD017",0
"584","EM2_C0178","C038_SD095",0
"585","EM2_C0181","C041_SD003",0
"586","EM2_C0182","C041_SD066",0
"587","EM2_C0183","C042_SD058",173.380996134889
"588","EM2_C0185","C043_SD061",0
"589","EM2_C0186","C043_SD093",0
"590","EM2_C0187","C045_SD060",1145.12543042269
"591","EM2_C0188","C045_SD071",0
"592","EM2_C0189","C045_SD077",0
"593","EM2_C0190","C046_SD017",0
"594","EM2_C0191","C046_SD072",0
"595","EM2_C0192","C047_SD074",0
"596","EM2_C0193","C047_SD086",0
"597","EM2_C0194","C048_SD007",0
"598","EM2_C0195","C048_SD024",0
"599","EM2_C0196","C049_SD041",0
"600","EM2_C0197","C049_SD060",0
"601","EM2_C0198","C050_SD062",0
"602","EM2_C0199","C050_SD064",0
"603","EM2_C0200","C051_SD004",1083.80134145327
"604","EM2_C0201","C051_SD032",0
"605","EM2_C0202","C051_SD086",0
"606","EM2_C0203","C052_SD005",0
"607","EM2_C0204","C052_SD009",0
"608","EM2_C0205","C052_SD063",0
"609","EM2_C0206","C052_SD068",1145.12543042269
"610","EM2_C0207","C053_SD059",1105.14434887739
"611","EM2_C0208","C053_SD085",0
"612","EM2_C0210","C055_SD008",0
"613","EM2_C0211","C055_SD011",0
"614","EM2_C0214","C057_SD006",0
"615","EM2_C0215","C057_SD021",0
"616","EM2_C0216","C023_SD162",0
"617","EM2_C0217","C025_SD032",0
"618","EM2_C0218","C027_SD031",0
"619","EM2_C0219","C028_SD004",0
"620","EM2_C0220","C028_SD009",0
"621","EM2_C0222","C028_SD085",0
"622","EM2_C0223","C031_SD063",2161.30361874252
"623","EM2_C0224","C031_SD069",2161.30361874252
"624","EM2_C0225","C032_SD011",780.308525619961
"625","EM2_C0226","C032_SD025",0
"626","EM2_C0227","C032_SD026",0
"627","EM2_C0228","C032_SD034",0
"628","EM2_C0229","C032_SD071",0
"629","EM2_C0230","C032_SD093",0
"630","EM2_C0231","C033_SD074",0
"631","EM2_C0232","C034_SD008",2241.0140135333
"632","EM2_C0233","C034_SD101",2241.0140135333
"633","EM2_C0234","C035_SD005",0
"634","EM2_C0235","C035_SD016",0
"635","EM2_C0236","C035_SD084",0
"636","EM2_C0237","C036_SD004",0
"637","EM2_C0238","C036_SD032",0
"638","EM2_C0239","C037_SD065",0
"639","EM2_C0242","C038_SD060",0
"640","EM2_C0244","C039_SD00A",0
"641","EM2_C0248","C040_SD096",0
"642","EM2_C0249","C041_SD024",0
"643","EM2_C0250","C041_SD038",0
"644","EM2_C0251","C041_SD060",0
"645","EM2_C0252","C041_SD064",0
"646","EM2_C0253","C041_SD087",0
"647","EM2_C0254","C045_SD088",0
"648","EM2_C0255","C046_SD076",0
"649","EM2_C0256","C047_SD007",0
"650","EM2_C0257","C047_SD026",0
"651","EM2_C0258","C047_SD077",0
"652","EM2_C0259","C047_SD077",0
"653","EM2_C0264","C049_SD024",0
"654","EM2_C0265","C049_SD093",0
"655","EM2_C0266","C050_SD040",0
"656","EM2_C0267","C050_SD078",0
"657","EM2_C0268","C051_SD013",0
"658","EM2_C0269","C051_SD036",0
"659","EM2_C0270","C051_SD065",0
"660","EM2_C0271","C051_SD069",0
"661","EM2_C0272","C051_SD075",0
"662","EM2_C0273","C051_SD089",0
"663","EM2_C0274","C052_SD006",0
"664","EM2_C0275","C052_SD012",0
"665","EM2_C0276","C052_SD035",0
"666","EM2_C0277","C052_SD086",0
"667","EM2_C0278","C052_SD101",0
"668","EM2_C0280","C054_SD058",0
"669","EM2_C0281","C054_SD066",0
"670","EM2_C0282","C054_SD091",0
"671","EM2_C0283","C056_SD001",0
"672","EM2_C0284","C056_SD018",0
"673","EM2_C0285","C056_SD070",0
"674","EM2_C0286","C056_SD095",0
"675","EM2_C0287","C056_SD161",0
"676","EM2_C0288","C057_SD008",0
"677","EM2_C0289","C057_SD012",0
"678","EM2_C0290","C057_SD013",0
"679","EM2_C0291","C057_SD104",0
"680","EM2_C0294","C028_SD021",0.192436187879831
"681","EM2_C0295","C032_SD065",0
"682","EM2_C0296","C035_SD077",0
"683","EM2_C0297","C036_SD064",0
"684","EM2_C0298","C038_SD038",0
"685","EM2_C0299","C039_SD083",0
"686","EM2_C0300","C041_SD025",0
"687","EM2_C0301","C043_SD013",0
"688","EM2_C0304","C048_SD006",0
"689","EM2_C0305","C048_SD026",0
"690","EM2_C0306","C050_SD011",0
"691","EM2_C0307","C051_SD005",0
"692","EM2_C0311","C056_SD003",0
"693","EM2_C0312","C059_SD005",0
"694","EM2_C0313","C059_SD089",0
"695","EM2_C0314","C059_SD095",0
"696","EM2_C0315","C063_SD075",0
"697","EM2_C0316","C063_SD077",0
"698","EM2_C0317","C063_SD084",0
"699","EM2_C0318","C069_SD021",0
"700","EM2_C0319","C069_SD060",0
"701","EM2_C0320","C069_SD091",0
"702","EM2_C0321","C057_SD066",0
"703","EM2_C0321","C057_SD066",0
"704","EM2_C0321","C036_SD034",0
"705","EM2_C0321","C036_SD034",0
"706","EM2_C0322","C035_SD161",0
"707","EM2_C0323","C031_SD032",0
"708","EM2_C0324","C036_SD018",0
"709","EM2_C0325","C066_SD095",2341.83168150537
"710","EM2_C0326","C064_SD006",0
"711","EM2_C0327","C021_SD025",0
"712","EM2_C0328","C048_SD064",0
"713","EM2_C0329","C047_SD011",0
"714","EM2_C0331","C048_SD035",0
"715","EM2_C0332","C047_SD040",0
"716","EM2_C0333","C039_SD062",0
"717","EM2_C0334","C050_SD087",1211.35729785603
"718","EM2_C0335","C038_SD001",1321.93906413873
"719","EM2_C0336","C028_SD036",0.192436187879831
"720","EM2_C0337","C051_SD162",0
"721","EM2_C0338","C041_SD070",0
"722","EM2_C0339","C056_SD041",930.616784923666
"723","EM2_C0340","C060_SD089",872.730106983065
"724","EM2_C0341","C066_SD019",0
"725","EM2_C0343","C048_SD083",0
"726","EM2_C0344","C047_SD060",0
"727","P1_C0002","C003_SD005",83.1210739589591
"728","P1_C0003","C004_SD026",965.944198098871
"729","P1_C0004","C006_SD002",0
"730","P1_C0005","C008_SD023",0
"731","P1_C0006","C009_SD025",855.646556611798
"732","P1_C0007","C010_SD010",0
"733","P1_C0008","C011_SD013",134.55222476145
"734","P1_C0009","C014_SD022",0
"735","P1_C0010","C015_SD014",0
"736","P1_C0011","C017_SD024",117.967202063438
"737","P1_C0012","C018_SD016",413.018104421671
"738","P1_C0013","C021_SD021",0
"739","P1_C0014","C022_SD018",852.953478643988
"740","P1_C0016","C024_SD004",167.36427183262
"741","P1_C0017","C025_SD009",217.935200738842
"742","P1_C0018","C027_SD008",0
"743","P1_C0019","C028_SD015",0
"744","P1_C0020","C029_SD019",0
"745","P1_C0021","C030_SD020",14.7242267502365
"746","P1_C0022","C031_SD006",127.611566489705
"747","P1_C0023","C032_SD017",224.585013080423
"748","P1_C0024","C033_SD001",1178.03829922341
"749","P1_C0025","C001_SD012",0
"750","P1_C0026","C001_SD023",0
"751","P1_C0028","C002_SD042",34.5369557993249
"752","P1_C0029","C003_SD005",425.949207959199
"753","P1_C0030","C003_SD007",180.430390129151
"754","P1_C0031","C003_SD039",915.118940544557
"755","P1_C0032","C004_SD011",289.913502084285
"756","P1_C0033","C004_SD012",42.8565996437439
"757","P1_C0034","C004_SD036",1062.54544793877
"758","P1_C0035","C005_SD034",735.202523309897
"759","P1_C0036","C006_SD005",0
"760","P1_C0037","C006_SD009",0
"761","P1_C0038","C006_SD041",14.6230589000777
"762","P1_C0039","C006_SD042",747.412207918693
"763","P1_C0040","C007_SD009",0
"764","P1_C0041","C007_SD042",104.953217218758
"765","P1_C0042","C008_SD011",0
"766","P1_C0043","C008_SD021",0
"767","P1_C0044","C009_SD034",974.198066734457
"768","P1_C0045","C010_SD001",45.7069587749397
"769","P1_C0046","C010_SD025",54.6544480545612
"770","P1_C0047","C010_SD035",0
"771","P1_C0048","C011_SD021",146.810315307173
"772","P1_C0049","C011_SD031",258.938845222093
"773","P1_C0050","C014_SD005",0
"774","P1_C0051","C014_SD017",833.176955753007
"775","P1_C0052","C014_SD025",0
"776","P1_C0053","C015_SD006",26.6206598110335
"777","P1_C0054","C015_SD016",75.1449636806179
"778","P1_C0055","C015_SD035",0
"779","P1_C0056","C017_SD007",742.347974748563
"780","P1_C0057","C017_SD008",50.2050970753387
"781","P1_C0058","C017_SD026",46.6152522806256
"782","P1_C0059","C018_SD011",361.47021961788
"783","P1_C0060","C018_SD018",0
"784","P1_C0061","C018_SD040",333.692163241921
"785","P1_C0062","C021_SD001",0
"786","P1_C0063","C021_SD040",0
"787","P1_C0064","C021_SD040",690.2031972536
"788","P1_C0065","C022_SD022",237.400621064542
"789","P1_C0066","C022_SD031",684.548783511638
"790","P1_C0068","C023_SD024",281.112339491054
"791","P1_C0070","C024_SD018",138.117361222316
"792","P1_C0071","C024_SD025",101.95677522008
"793","P1_C0072","C025_SD006",66.4833527335683
"794","P1_C0073","C025_SD038",528.070259221764
"795","P1_C0074","C027_SD003",0
"796","P1_C0075","C027_SD035",0
"797","P1_C0076","C027_SD041",295.116561332668
"798","P1_C0077","C028_SD001",213.789368636077
"799","P1_C0078","C028_SD008",0
"800","P1_C0079","C028_SD038",0
"801","P1_C0080","C029_SD012",0
"802","P1_C0081","C030_SD006",961.575222350176
"803","P1_C0082","C030_SD017",0
"804","P1_C0083","C030_SD022",43.1601652004536
"805","P1_C0084","C031_SD003",124.304562165117
"806","P1_C0085","C031_SD015",103.290112236441
"807","P1_C0086","C031_SD041",272.514548678385
"808","P1_C0087","C032_SD013",98.1017291411735
"809","P1_C0088","C032_SD026",900.49114762031
"810","P1_C0089","C032_SD039",131.473969834603
"811","P1_C0090","C033_SD023",0
"812","P1_C0091","C033_SD032",1097.30754647999
"813","P1_C0092","C033_SD038",0
"814","P1_C0093","C034_SD021",770.640851260319
"815","P1_C0094","C035_SD016",190.297914563627
"816","P1_C0095","C036_SD032",894.974138076426
"817","P1_C0096","C037_SD031",0
"818","P1_C0097","C039_SD0162",0
"819","P1_C0098","C040_SD0161",0
"820","P1_C0099","C041_SD014",0
"821","P1_C0100","C042_SD0163",0
"822","P1_C0101","C021_SD003",0
"823","P1_C0102","C021_SD074",535.626243544883
"824","P1_C0103","C022_SD058",1751.01681139592
"825","P1_C0104","C022_SD094",336.232505037582
"826","P1_C0105","C023_SD017",676.151251274968
"827","P1_C0106","C023_SD080",1475.67782600024
"828","P1_C0107","C027_SD025",0
"829","P1_C0108","C027_SD070",0
"830","P1_C0109","C028_SD018",838.765241256258
"831","P1_C0110","C028_SD066",0
"832","P1_C0111","C031_SD059",1014.70278076209
"833","P1_C0112","C031_SD095",1634.44761311322
"834","P1_C0113","C032_SD068",872.647839289297
"835","P1_C0114","C033_SD020",1031.83886558913
"836","P1_C0115","C033_SD079",916.387948464275
"837","P1_C0116","C034_SD063",1350.76255337809
"838","P1_C0117","C034_SD096",1023.76448614463
"839","P1_C0118","C035_SD001",0
"840","P1_C0119","C036_SD002",1094.14678492497
"841","P1_C0120","C037_SD006",0
"842","P1_C0121","C037_SD072",0
"843","P1_C0122","C039_SD062",0
"844","P1_C0123","C041_SD021",1473.27940627298
"845","P1_C0124","C041_SD065",0
"846","P1_C0125","C042_SD014",0
"847","P1_C0126","C042_SD078",141.034950145247
"848","P1_C0127","C043_SD022",829.498153489595
"849","P1_C0128","C043_SD082",645.662185890153
"850","P1_C0129","C044_SD004",727.202591362345
"851","P1_C0130","C045_SD005",1531.6047410422
"852","P1_C0131","C045_SD086",1626.1079009333
"853","P1_C0132","C046_SD073",251.20710807635
"854","P1_C0133","C046_SD093",595.665694538946
"855","P1_C0134","C047_SD076",824.656083900255
"856","P1_C0135","C047_SD085",787.464220738363
"857","P1_C0136","C048_SD064",1220.21901554339
"858","P1_C0137","C048_SD071",653.847818345088
"859","P1_C0138","C049_SD026",1279.30379581347
"860","P1_C0139","C049_SD084",1507.25183758522
"861","P1_C0140","C050_SD061",917.491688786257
"862","P1_C0141","C050_SD083",1052.52986129052
"863","P1_C0142","C051_SD007",911.307345806879
"864","P1_C0143","C051_SD024",1061.22463927177
"865","P1_C0144","C052_SD057",608.544368628816
"866","P1_C0145","C052_SD069",447.949579759786
"867","P1_C0146","C053_SD012",0
"868","P1_C0147","C053_SD060",967.11209554632
"869","P1_C0148","C054_SD008",929.947949747366
"870","P1_C0149","C054_SD077",899.174318995179
"871","P1_C0150","C021_SD018",55.3061144954966
"872","P1_C0151","C021_SD075",55.3061144954966
"873","P1_C0152","C022_SD004",0
"874","P1_C0153","C023_SD018",137.696742918435
"875","P1_C0154","C023_SD069",0
"876","P1_C0155","C023_SD084",0
"877","P1_C0156","C024_SD002",0
"878","P1_C0157","C027_SD006",37.3726544272076
"879","P1_C0158","C027_SD034",0
"880","P1_C0159","C027_SD069",37.3726544272076
"881","P1_C0160","C027_SD071",0
"882","P1_C0161","C028_SD001",0
"883","P1_C0162","C028_SD006",625.722506449939
"884","P1_C0163","C031_SD022",0
"885","P1_C0164","C032_SD008",1535.94546414942
"886","P1_C0165","C032_SD009",184.86710663361
"887","P1_C0166","C032_SD00A",184.86710663361
"888","P1_C0167","C034_SD025",0
"889","P1_C0168","C034_SD070",0
"890","P1_C0169","C035_SD014",172.853582364611
"891","P1_C0170","C035_SD019",172.853582364611
"892","P1_C0171","C035_SD064",1495.36611895438
"893","P1_C0172","C036_SD036",76.5523934997788
"894","P1_C0173","C036_SD062",76.5523934997788
"895","P1_C0174","C037_SD007",185.36812904004
"896","P1_C0175","C037_SD036",185.36812904004
"897","P1_C0176","C037_SD078",1556.19363498335
"898","P1_C0177","C038_SD017",0
"899","P1_C0178","C038_SD095",0
"900","P1_C0179","C039_SD012",0
"901","P1_C0180","C040_SD058",0
"902","P1_C0181","C041_SD003",0
"903","P1_C0182","C041_SD066",0
"904","P1_C0183","C042_SD058",611.353830633277
"905","P1_C0184","C042_SD079",0
"906","P1_C0185","C043_SD061",0
"907","P1_C0186","C043_SD093",0
"908","P1_C0187","C045_SD060",1495.36611895438
"909","P1_C0188","C045_SD071",0
"910","P1_C0189","C045_SD077",0
"911","P1_C0190","C046_SD017",0
"912","P1_C0191","C046_SD072",0
"913","P1_C0192","C047_SD074",0
"914","P1_C0193","C047_SD086",0
"915","P1_C0194","C048_SD007",0
"916","P1_C0195","C048_SD024",0
"917","P1_C0196","C049_SD041",325.098832538197
"918","P1_C0197","C049_SD060",325.098832538197
"919","P1_C0198","C050_SD062",0
"920","P1_C0199","C050_SD064",0
"921","P1_C0200","C051_SD004",1549.27911338691
"922","P1_C0201","C051_SD032",0
"923","P1_C0202","C051_SD086",0
"924","P1_C0203","C052_SD005",0
"925","P1_C0204","C052_SD009",114.598384752158
"926","P1_C0205","C052_SD063",0
"927","P1_C0206","C052_SD068",1495.36611895438
"928","P1_C0207","C053_SD059",1542.67759367142
"929","P1_C0208","C053_SD085",0
"930","P1_C0209","C054_SD026",0
"931","P1_C0210","C055_SD008",248.645525160081
"932","P1_C0211","C055_SD011",248.645525160081
"933","P1_C0212","C056_SD019",0
"934","P1_C0213","C056_SD065",0
"935","P1_C0214","C057_SD006",0
"936","P1_C0215","C057_SD021",0
"937","P1_C0216","C023_SD162",0
"938","P1_C0217","C025_SD032",0
"939","P1_C0218","C027_SD031",0
"940","P1_C0219","C028_SD004",0
"941","P1_C0220","C028_SD009",0
"942","P1_C0221","C028_SD083",0
"943","P1_C0222","C028_SD085",0
"944","P1_C0223","C031_SD063",1198.43619244322
"945","P1_C0224","C031_SD069",1198.43619244322
"946","P1_C0225","C032_SD011",864.786831211688
"947","P1_C0226","C032_SD025",171.866229324171
"948","P1_C0227","C032_SD026",171.866229324171
"949","P1_C0228","C032_SD034",0
"950","P1_C0229","C032_SD071",0
"951","P1_C0230","C032_SD093",0
"952","P1_C0231","C033_SD074",38.0257242954452
"953","P1_C0232","C034_SD008",1111.94243455894
"954","P1_C0233","C034_SD101",1111.94243455894
"955","P1_C0234","C035_SD005",0
"956","P1_C0235","C035_SD016",0
"957","P1_C0236","C035_SD084",0
"958","P1_C0237","C036_SD004",0
"959","P1_C0238","C036_SD032",0
"960","P1_C0239","C037_SD065",0
"961","P1_C0240","C038_SD019",0
"962","P1_C0241","C038_SD035",0
"963","P1_C0242","C038_SD060",0
"964","P1_C0243","C038_SD061",0
"965","P1_C0244","C039_SD00A",0
"966","P1_C0245","C039_SD017",0
"967","P1_C0246","C039_SD021",0
"968","P1_C0247","C039_SD038",0
"969","P1_C0248","C040_SD096",152.949391770299
"970","P1_C0249","C041_SD024",0
"971","P1_C0250","C041_SD038",0
"972","P1_C0251","C041_SD060",0
"973","P1_C0252","C041_SD064",0
"974","P1_C0253","C041_SD087",0
"975","P1_C0254","C045_SD088",0
"976","P1_C0255","C046_SD076",113.064547722142
"977","P1_C0256","C047_SD007",0
"978","P1_C0257","C047_SD026",0
"979","P1_C0258","C047_SD077",0
"980","P1_C0259","C047_SD077",0
"981","P1_C0260","C048_SD003",0
"982","P1_C0261","C048_SD025",0
"983","P1_C0262","C048_SD062",0
"984","P1_C0263","C048_SD070",0
"985","P1_C0264","C049_SD024",184.846747211474
"986","P1_C0265","C049_SD093",184.846747211474
"987","P1_C0266","C050_SD040",0
"988","P1_C0267","C050_SD078",0
"989","P1_C0268","C051_SD013",0
"990","P1_C0269","C051_SD036",0
"991","P1_C0270","C051_SD065",0
"992","P1_C0271","C051_SD069",184.535795994401
"993","P1_C0272","C051_SD075",0
"994","P1_C0273","C051_SD089",184.535795994401
"995","P1_C0274","C052_SD006",0
"996","P1_C0275","C052_SD012",0
"997","P1_C0276","C052_SD035",0
"998","P1_C0277","C052_SD086",0
"999","P1_C0278","C052_SD101",0
"1000","P1_C0279","C053_SD090",0
"1001","P1_C0280","C054_SD058",0
"1002","P1_C0281","C054_SD066",0
"1003","P1_C0282","C054_SD091",0
"1004","P1_C0283","C056_SD001",0
"1005","P1_C0284","C056_SD018",0
"1006","P1_C0285","C056_SD070",0
"1007","P1_C0286","C056_SD095",0
"1008","P1_C0287","C056_SD161",0
"1009","P1_C0288","C057_SD008",0
"1010","P1_C0289","C057_SD012",0
"1011","P1_C0290","C057_SD013",0
"1012","P1_C0291","C057_SD104",0
"1013","P1_C0292","C027_SD019",0
"1014","P1_C0293","C027_SD074",0
"1015","P1_C0294","C028_SD021",184.795659053389
"1016","P1_C0295","C032_SD065",0
"1017","P1_C0296","C035_SD077",0
"1018","P1_C0297","C036_SD064",0
"1019","P1_C0298","C038_SD038",171.772804036622
"1020","P1_C0299","C039_SD083",0
"1021","P1_C0300","C041_SD025",0
"1022","P1_C0301","C043_SD013",0
"1023","P1_C0302","C047_SD018",0
"1024","P1_C0303","C047_SD035",0
"1025","P1_C0304","C048_SD006",0
"1026","P1_C0305","C048_SD026",0
"1027","P1_C0306","C050_SD011",184.540032744245
"1028","P1_C0307","C051_SD005",0
"1029","P1_C0308","C052_SD007",0
"1030","P1_C0309","C052_SD040",0
"1031","P1_C0310","C054_SD086",0
"1032","P1_C0311","C056_SD003",0
"1033","P1_C0312","C059_SD005",0
"1034","P1_C0313","C059_SD089",0
"1035","P1_C0314","C059_SD095",0
"1036","P1_C0315","C063_SD075",0
"1037","P1_C0316","C063_SD077",0
"1038","P1_C0317","C063_SD084",0
"1039","P1_C0318","C069_SD021",0
"1040","P1_C0319","C069_SD060",0
"1041","P1_C0320","C069_SD091",0
"1042","P1_C0321","C036_SD034",0
"1043","P1_C0321","C036_SD034",0
"1044","P1_C0321","C057_SD066",0
"1045","P1_C0321","C057_SD066",0
"1046","P1_C0322","C035_SD161",0
"1047","P1_C0323","C031_SD032",0
"1048","P1_C0324","C036_SD018",0
"1049","P1_C0325","C066_SD095",1096.42930413253
"1050","P1_C0326","C064_SD006",0
"1051","P1_C0327","C021_SD025",0
"1052","P1_C0328","C048_SD064",0
"1053","P1_C0329","C047_SD011",0
"1054","P1_C0330","C052_SD084",0
"1055","P1_C0331","C048_SD035",0
"1056","P1_C0332","C047_SD040",0
"1057","P1_C0333","C039_SD062",0
"1058","P1_C0334","C050_SD087",1933.05461779362
"1059","P1_C0335","C038_SD001",1926.90387195637
"1060","P1_C0336","C028_SD036",184.795659053389
"1061","P1_C0337","C051_SD162",0
"1062","P1_C0338","C041_SD070",0
"1063","P1_C0339","C056_SD041",626.861561225895
"1064","P1_C0340","C060_SD089",1010.07861512448
"1065","P1_C0341","C066_SD019",0
"1066","P1_C0342","C052_SD005",0
"1067","P1_C0343","C048_SD083",0
"1068","P1_C0344","C047_SD060",0
"1069","P2_C0001","C002_SD007",550.160926248409
"1070","P2_C0002","C003_SD005",606.333075240112
"1071","P2_C0003","C004_SD026",941.808618281753
"1072","P2_C0004","C006_SD002",126.627346207353
"1073","P2_C0005","C008_SD023",64.3289419055439
"1074","P2_C0006","C009_SD025",1082.4371959115
"1075","P2_C0007","C010_SD010",533.305751995559
"1076","P2_C0008","C011_SD013",781.394775208474
"1077","P2_C0009","C014_SD022",201.500034946872
"1078","P2_C0010","C015_SD014",262.768142084561
"1079","P2_C0011","C017_SD024",572.147538974076
"1080","P2_C0012","C018_SD016",707.511301217164
"1081","P2_C0013","C021_SD021",190.16022568075
"1082","P2_C0014","C022_SD018",1076.35838385418
"1083","P2_C0015","C023_SD003",536.968997544103
"1084","P2_C0016","C024_SD004",580.720190046816
"1085","P2_C0017","C025_SD009",492.238838545505
"1086","P2_C0018","C027_SD008",112.918319116495
"1087","P2_C0019","C028_SD015",160.274559208085
"1088","P2_C0020","C029_SD019",98.1208924810189
"1089","P2_C0021","C030_SD020",640.426728158018
"1090","P2_C0022","C031_SD006",644.202217296406
"1091","P2_C0023","C032_SD017",723.438565196357
"1092","P2_C0024","C033_SD001",1142.23454555266
"1093","P2_C0025","C001_SD012",92.4608690984185
"1094","P2_C0026","C001_SD023",188.847604234922
"1095","P2_C0027","C002_SD007",550.530372527178
"1096","P2_C0028","C002_SD042",440.164428117889
"1097","P2_C0029","C003_SD005",654.52383857833
"1098","P2_C0030","C003_SD007",641.77759226827
"1099","P2_C0031","C003_SD039",1438.27816767314
"1100","P2_C0032","C004_SD011",497.055388736784
"1101","P2_C0033","C004_SD012",717.296053607914
"1102","P2_C0034","C004_SD036",944.651152807651
"1103","P2_C0035","C005_SD034",894.943337747265
"1104","P2_C0036","C006_SD005",87.2526318809232
"1105","P2_C0037","C006_SD009",118.278940622731
"1106","P2_C0038","C006_SD041",245.973185433971
"1107","P2_C0039","C006_SD042",1327.00684584087
"1108","P2_C0040","C007_SD009",62.4699667739585
"1109","P2_C0041","C007_SD042",512.557015688343
"1110","P2_C0042","C008_SD011",254.826738381896
"1111","P2_C0043","C008_SD021",101.773816866327
"1112","P2_C0044","C009_SD034",857.497924892375
"1113","P2_C0045","C010_SD001",532.039798194842
"1114","P2_C0046","C010_SD025",555.017575936255
"1115","P2_C0047","C010_SD035",74.3119242259896
"1116","P2_C0048","C011_SD021",860.467227594187
"1117","P2_C0049","C011_SD031",700.078235597721
"1118","P2_C0050","C014_SD005",185.022375146148
"1119","P2_C0051","C014_SD017",1067.76257396852
"1120","P2_C0052","C014_SD025",108.074493963841
"1121","P2_C0053","C015_SD006",542.70996686956
"1122","P2_C0054","C015_SD016",693.316197159597
"1123","P2_C0055","C015_SD035",210.359611766125
"1124","P2_C0056","C017_SD007",851.950399492007
"1125","P2_C0057","C017_SD008",578.933858176692
"1126","P2_C0058","C017_SD026",604.763886783451
"1127","P2_C0059","C018_SD011",880.873277548967
"1128","P2_C0060","C018_SD018",66.1134162044014
"1129","P2_C0061","C018_SD040",699.271585575931
"1130","P2_C0062","C021_SD001",190.16022568075
"1131","P2_C0063","C021_SD040",80.5699926996946
"1132","P2_C0064","C021_SD040",897.111172874049
"1133","P2_C0065","C022_SD022",711.829020143059
"1134","P2_C0066","C022_SD031",1112.95421916985
"1135","P2_C0067","C023_SD016",536.968997544103
"1136","P2_C0068","C023_SD024",665.092977444369
"1137","P2_C0069","C023_SD032",537.476921517941
"1138","P2_C0070","C024_SD018",567.545882930481
"1139","P2_C0071","C024_SD025",519.332280545192
"1140","P2_C0072","C025_SD006",510.88443320791
"1141","P2_C0073","C025_SD038",589.696981527863
"1142","P2_C0074","C027_SD003",119.845750542633
"1143","P2_C0075","C027_SD035",73.5333293675303
"1144","P2_C0076","C027_SD041",888.447826736355
"1145","P2_C0077","C028_SD001",514.518094486937
"1146","P2_C0078","C028_SD008",277.906737006508
"1147","P2_C0079","C028_SD038",151.665287250037
"1148","P2_C0080","C029_SD012",68.3883872412023
"1149","P2_C0081","C030_SD006",891.606068951001
"1150","P2_C0082","C030_SD017",108.934686369092
"1151","P2_C0083","C030_SD022",696.604281993565
"1152","P2_C0084","C031_SD003",316.685269283971
"1153","P2_C0085","C031_SD015",730.527748055437
"1154","P2_C0086","C031_SD041",709.589177987122
"1155","P2_C0087","C032_SD013",583.377649281321
"1156","P2_C0088","C032_SD026",1049.73733995827
"1157","P2_C0089","C032_SD039",677.966154861333
"1158","P2_C0090","C033_SD023",131.393392722503
"1159","P2_C0091","C033_SD032",876.699112761021
"1160","P2_C0092","C033_SD038",242.776174759437
"1161","P2_C0093","C034_SD021",1027.88004283057
"1162","P2_C0094","C035_SD016",671.321103828457
"1163","P2_C0095","C036_SD032",1141.56054380748
"1164","P2_C0096","C037_SD031",150.304612022356
"1165","P2_C0097","C039_SD0162",17.5113231785458
"1166","P2_C0098","C040_SD0161",0
"1167","P2_C0099","C041_SD014",20.7319815009051
"1168","P2_C0100","C042_SD0163",0
"1169","P2_C0101","C021_SD003",0
"1170","P2_C0102","C021_SD074",417.22949464343
"1171","P2_C0103","C022_SD058",846.470465624285
"1172","P2_C0104","C022_SD094",402.738240753072
"1173","P2_C0105","C023_SD017",853.474069346347
"1174","P2_C0106","C023_SD080",846.784913171467
"1175","P2_C0107","C027_SD025",473.125510483558
"1176","P2_C0108","C027_SD070",65.3769348149586
"1177","P2_C0109","C028_SD018",896.049728508026
"1178","P2_C0110","C028_SD066",121.405277394708
"1179","P2_C0111","C031_SD059",808.761732520616
"1180","P2_C0112","C031_SD095",813.096467502086
"1181","P2_C0113","C032_SD068",862.570016653565
"1182","P2_C0114","C033_SD020",755.243541347463
"1183","P2_C0115","C033_SD079",745.992971109964
"1184","P2_C0116","C034_SD063",841.455799204674
"1185","P2_C0117","C034_SD096",756.791938104326
"1186","P2_C0118","C035_SD001",29.0066852618861
"1187","P2_C0119","C036_SD002",896.347450472274
"1188","P2_C0120","C037_SD006",219.638015034286
"1189","P2_C0121","C037_SD072",92.1123681267232
"1190","P2_C0122","C039_SD062",162.44038608334
"1191","P2_C0123","C041_SD021",829.008227331939
"1192","P2_C0124","C041_SD065",68.1068281783678
"1193","P2_C0125","C042_SD014",152.14863957794
"1194","P2_C0126","C042_SD078",109.099810545593
"1195","P2_C0127","C043_SD022",911.029239650255
"1196","P2_C0128","C043_SD082",389.773274828022
"1197","P2_C0129","C044_SD004",746.242283620137
"1198","P2_C0130","C045_SD005",980.39757958044
"1199","P2_C0131","C045_SD086",910.502001755312
"1200","P2_C0132","C046_SD073",436.121164985312
"1201","P2_C0133","C046_SD093",393.902259711603
"1202","P2_C0134","C047_SD076",946.442910449007
"1203","P2_C0135","C047_SD085",875.329635817635
"1204","P2_C0136","C048_SD064",488.746053458058
"1205","P2_C0137","C048_SD071",411.62617034669
"1206","P2_C0138","C049_SD026",837.475530822181
"1207","P2_C0139","C049_SD084",915.825448701191
"1208","P2_C0140","C050_SD061",474.196878483001
"1209","P2_C0141","C050_SD083",478.932877890752
"1210","P2_C0142","C051_SD007",447.223618387464
"1211","P2_C0143","C051_SD024",1176.21048278201
"1212","P2_C0144","C052_SD057",779.434452604072
"1213","P2_C0145","C052_SD069",823.80608742192
"1214","P2_C0146","C053_SD012",25.879588625474
"1215","P2_C0147","C053_SD060",925.626684158264
"1216","P2_C0148","C054_SD008",475.759098914921
"1217","P2_C0149","C054_SD077",488.169135778196
"1218","P2_C0150","C021_SD018",679.035168078395
"1219","P2_C0151","C021_SD075",679.035168078395
"1220","P2_C0152","C022_SD004",37.4530552749271
"1221","P2_C0153","C023_SD018",514.73222100987
"1222","P2_C0154","C023_SD069",93.2592613165171
"1223","P2_C0155","C023_SD084",93.2592613165171
"1224","P2_C0156","C024_SD002",168.578889605335
"1225","P2_C0157","C027_SD006",526.600216580867
"1226","P2_C0158","C027_SD034",125.802375330508
"1227","P2_C0159","C027_SD069",526.600216580867
"1228","P2_C0160","C027_SD071",125.802375330508
"1229","P2_C0161","C028_SD001",0
"1230","P2_C0162","C028_SD006",275.176307600912
"1231","P2_C0163","C031_SD022",13.9574631082187
"1232","P2_C0164","C032_SD008",1268.79351195093
"1233","P2_C0165","C032_SD009",399.071342513829
"1234","P2_C0166","C032_SD00A",399.071342513829
"1235","P2_C0167","C034_SD025",73.0870871541486
"1236","P2_C0168","C034_SD070",75.8325462272681
"1237","P2_C0169","C035_SD014",384.506766013131
"1238","P2_C0170","C035_SD019",384.506766013131
"1239","P2_C0171","C035_SD064",1269.47414326654
"1240","P2_C0172","C036_SD036",328.93987902058
"1241","P2_C0173","C036_SD062",328.93987902058
"1242","P2_C0174","C037_SD007",354.661341461492
"1243","P2_C0175","C037_SD036",354.661341461492
"1244","P2_C0176","C037_SD078",1266.30866228165
"1245","P2_C0177","C038_SD017",177.609449132725
"1246","P2_C0178","C038_SD095",177.609449132725
"1247","P2_C0179","C039_SD012",110.833500318944
"1248","P2_C0180","C040_SD058",104.169473354825
"1249","P2_C0181","C041_SD003",94.8675995246664
"1250","P2_C0182","C041_SD066",94.8675995246664
"1251","P2_C0183","C042_SD058",270.436548282946
"1252","P2_C0184","C042_SD079",0.627503198871572
"1253","P2_C0185","C043_SD061",194.413751880361
"1254","P2_C0186","C043_SD093",194.091845789984
"1255","P2_C0187","C045_SD060",1269.47414326654
"1256","P2_C0188","C045_SD071",185.780536532172
"1257","P2_C0189","C045_SD077",185.780536532172
"1258","P2_C0190","C046_SD017",150.003548292467
"1259","P2_C0191","C046_SD072",150.003548292467
"1260","P2_C0192","C047_SD074",130.053983113759
"1261","P2_C0193","C047_SD086",130.053983113759
"1262","P2_C0194","C048_SD007",45.7829760599626
"1263","P2_C0195","C048_SD024",45.7829760599626
"1264","P2_C0196","C049_SD041",210.246937270105
"1265","P2_C0197","C049_SD060",210.246937270105
"1266","P2_C0198","C050_SD062",153.944276884429
"1267","P2_C0199","C050_SD064",154.25345744385
"1268","P2_C0200","C051_SD004",1266.63343264446
"1269","P2_C0201","C051_SD032",176.320862048851
"1270","P2_C0202","C051_SD086",176.357533038579
"1271","P2_C0203","C052_SD005",66.1090339924399
"1272","P2_C0204","C052_SD009",507.01402991774
"1273","P2_C0205","C052_SD063",66.1090339924399
"1274","P2_C0206","C052_SD068",1269.47414326654
"1275","P2_C0207","C053_SD059",1268.61378071651
"1276","P2_C0208","C053_SD085",38.6986155960598
"1277","P2_C0209","C054_SD026",19.2954981811507
"1278","P2_C0210","C055_SD008",716.07228572062
"1279","P2_C0211","C055_SD011",716.07228572062
"1280","P2_C0212","C056_SD019",139.441857914731
"1281","P2_C0213","C056_SD065",139.441857914731
"1282","P2_C0214","C057_SD006",187.370610693889
"1283","P2_C0215","C057_SD021",187.370610693889
"1284","P2_C0216","C023_SD162",187.264502451151
"1285","P2_C0217","C025_SD032",51.0391608410269
"1286","P2_C0218","C027_SD031",103.664808972782
"1287","P2_C0219","C028_SD004",64.0346765926465
"1288","P2_C0220","C028_SD009",64.0346765926465
"1289","P2_C0221","C028_SD083",36.9555728165471
"1290","P2_C0222","C028_SD085",64.0346765926465
"1291","P2_C0223","C031_SD063",971.444629927337
"1292","P2_C0224","C031_SD069",971.444629927337
"1293","P2_C0225","C032_SD011",364.981382697508
"1294","P2_C0226","C032_SD025",384.499732777524
"1295","P2_C0227","C032_SD026",384.499732777524
"1296","P2_C0228","C032_SD034",40.0652727279639
"1297","P2_C0229","C032_SD071",40.0652727279639
"1298","P2_C0230","C032_SD093",40.0652727279639
"1299","P2_C0231","C033_SD074",526.450588071447
"1300","P2_C0232","C034_SD008",955.347366222955
"1301","P2_C0233","C034_SD101",955.347366222955
"1302","P2_C0234","C035_SD005",51.0391608410269
"1303","P2_C0235","C035_SD016",51.0391608410269
"1304","P2_C0236","C035_SD084",51.0391608410269
"1305","P2_C0237","C036_SD004",167.197251824208
"1306","P2_C0238","C036_SD032",167.197251824208
"1307","P2_C0239","C037_SD065",187.264502451151
"1308","P2_C0240","C038_SD019",154.159492373419
"1309","P2_C0241","C038_SD035",154.159492373419
"1310","P2_C0242","C038_SD060",0
"1311","P2_C0243","C038_SD061",154.159492373419
"1312","P2_C0244","C039_SD00A",174.195078551425
"1313","P2_C0245","C039_SD017",97.9415073176057
"1314","P2_C0246","C039_SD021",97.9415073176057
"1315","P2_C0247","C039_SD038",97.9415073176057
"1316","P2_C0248","C040_SD096",515.475002655507
"1317","P2_C0249","C041_SD024",50.8583070354174
"1318","P2_C0250","C041_SD038",178.689601724603
"1319","P2_C0251","C041_SD060",50.8583070354174
"1320","P2_C0252","C041_SD064",50.8583070354174
"1321","P2_C0253","C041_SD087",178.689601724603
"1322","P2_C0254","C045_SD088",103.823601695124
"1323","P2_C0255","C046_SD076",506.981571961542
"1324","P2_C0256","C047_SD007",296.167560134056
"1325","P2_C0257","C047_SD026",296.167560134056
"1326","P2_C0258","C047_SD077",296.167560134056
"1327","P2_C0259","C047_SD077",17.7904527957773
"1328","P2_C0260","C048_SD003",168.61002795567
"1329","P2_C0261","C048_SD025",168.61002795567
"1330","P2_C0262","C048_SD062",168.61002795567
"1331","P2_C0263","C048_SD070",14.6197554770201
"1332","P2_C0264","C049_SD024",353.604752874957
"1333","P2_C0265","C049_SD093",353.604752874957
"1334","P2_C0266","C050_SD040",43.3007977272283
"1335","P2_C0267","C050_SD078",43.3007977272283
"1336","P2_C0268","C051_SD013",28.2403609819726
"1337","P2_C0269","C051_SD036",28.2403609819726
"1338","P2_C0270","C051_SD065",28.2403609819726
"1339","P2_C0271","C051_SD069",398.509645919885
"1340","P2_C0272","C051_SD075",28.2403609819726
"1341","P2_C0273","C051_SD089",398.509645919885
"1342","P2_C0274","C052_SD006",12.5328194312117
"1343","P2_C0275","C052_SD012",12.5328194312117
"1344","P2_C0276","C052_SD035",75.3645861672028
"1345","P2_C0277","C052_SD086",12.5328194312117
"1346","P2_C0278","C052_SD101",75.3645861672028
"1347","P2_C0279","C053_SD090",112.52970333149
"1348","P2_C0280","C054_SD058",42.4687448465281
"1349","P2_C0281","C054_SD066",26.7205744912209
"1350","P2_C0282","C054_SD091",42.4687448465281
"1351","P2_C0283","C056_SD001",33.7086184730067
"1352","P2_C0284","C056_SD018",33.7086184730067
"1353","P2_C0285","C056_SD070",33.7086184730067
"1354","P2_C0286","C056_SD095",33.7086184730067
"1355","P2_C0287","C056_SD161",194.331344410876
"1356","P2_C0288","C057_SD008",26.7205744912209
"1357","P2_C0289","C057_SD012",26.7205744912209
"1358","P2_C0290","C057_SD013",154.476240185858
"1359","P2_C0291","C057_SD104",37.0022741014057
"1360","P2_C0292","C027_SD019",30.1562141608892
"1361","P2_C0293","C027_SD074",30.1562141608892
"1362","P2_C0294","C028_SD021",353.459782101676
"1363","P2_C0295","C032_SD065",175.455890427571
"1364","P2_C0296","C035_SD077",154.023954354518
"1365","P2_C0297","C036_SD064",194.172352130001
"1366","P2_C0298","C038_SD038",383.976596422125
"1367","P2_C0299","C039_SD083",178.900082498011
"1368","P2_C0300","C041_SD025",167.936801411414
"1369","P2_C0301","C043_SD013",103.823601695124
"1370","P2_C0302","C047_SD018",70.5575713588743
"1371","P2_C0303","C047_SD035",70.5575713588743
"1372","P2_C0304","C048_SD006",0
"1373","P2_C0305","C048_SD026",0
"1374","P2_C0306","C050_SD011",398.288143552328
"1375","P2_C0307","C051_SD005",187.963938283213
"1376","P2_C0308","C052_SD007",4.27620878063988
"1377","P2_C0309","C052_SD040",4.27620878063988
"1378","P2_C0310","C054_SD086",112.52970333149
"1379","P2_C0311","C056_SD003",103.664808972782
"1380","P2_C0312","C059_SD005",46.1454247876535
"1381","P2_C0313","C059_SD089",46.1454247876535
"1382","P2_C0314","C059_SD095",46.1454247876535
"1383","P2_C0315","C063_SD075",75.7675588319461
"1384","P2_C0316","C063_SD077",75.7675588319461
"1385","P2_C0317","C063_SD084",75.7675588319461
"1386","P2_C0318","C069_SD021",39.4434197905296
"1387","P2_C0319","C069_SD060",39.4434197905296
"1388","P2_C0320","C069_SD091",39.4434197905296
"1389","P2_C0321","C057_SD066",194.172352130001
"1390","P2_C0321","C057_SD066",26.7205744912209
"1391","P2_C0321","C036_SD034",194.172352130001
"1392","P2_C0321","C036_SD034",26.7205744912209
"1393","P2_C0322","C035_SD161",154.023954354518
"1394","P2_C0323","C031_SD032",175.455890427571
"1395","P2_C0324","C036_SD018",78.8887611019062
"1396","P2_C0325","C066_SD095",964.423527083551
"1397","P2_C0326","C064_SD006",46.1606571366601
"1398","P2_C0327","C021_SD025",77.0941355586516
"1399","P2_C0328","C048_SD064",43.6145134121524
"1400","P2_C0329","C047_SD011",33.2104403303316
"1401","P2_C0330","C052_SD084",70.1744083932347
"1402","P2_C0331","C048_SD035",43.6145134121524
"1403","P2_C0332","C047_SD040",33.2104403303316
"1404","P2_C0333","C039_SD062",178.902129034347
"1405","P2_C0334","C050_SD087",1236.6773213082
"1406","P2_C0335","C038_SD001",1288.26290562064
"1407","P2_C0336","C028_SD036",353.459782101676
"1408","P2_C0337","C051_SD162",187.963938283213
"1409","P2_C0338","C041_SD070",167.936801411414
"1410","P2_C0339","C056_SD041",327.542008965804
"1411","P2_C0340","C060_SD089",502.1650534255
"1412","P2_C0341","C066_SD019",72.9131265355604
"1413","P2_C0342","C052_SD005",70.1744083932347
"1414","P2_C0343","C048_SD083",43.6145134121524
"1415","P2_C0344","C047_SD060",33.2104403303316
